QTPy channel,Samples averaged,ADC code,QTPy identifier
AI0,1,32846.0,24ec4a1dc2b8
AI1,1,32807.0,24ec4a1dc2b8
AI2,1,32271.0,24ec4a1dc2b8
AI3,1,32767.0,24ec4a1dc2b8
AI4,1,32032.0,24ec4a1dc2b8
AI5,1,32489.0,24ec4a1dc2b8
AI6,1,32588.0,24ec4a1dc2b8
AI7,1,32926.0,24ec4a1dc2b8
AI0,10,32780.9,24ec4a1dc2b8
AI1,10,32840.5,24ec4a1dc2b8
AI2,10,32383.7,24ec4a1dc2b8
AI3,10,32514.9,24ec4a1dc2b8
AI4,10,32508.9,24ec4a1dc2b8
AI5,10,32354.0,24ec4a1dc2b8
AI6,10,32504.8,24ec4a1dc2b8
AI7,10,32866.3,24ec4a1dc2b8
AI0,20,32799.7,24ec4a1dc2b8
AI1,20,32813.5,24ec4a1dc2b8
AI2,20,32476.1,24ec4a1dc2b8
AI3,20,32468.2,24ec4a1dc2b8
AI4,20,32385.7,24ec4a1dc2b8
AI5,20,32463.2,24ec4a1dc2b8
AI6,20,32448.3,24ec4a1dc2b8
AI7,20,32817.5,24ec4a1dc2b8
AI0,50,32794.8,24ec4a1dc2b8
AI1,50,32774.1,24ec4a1dc2b8
AI2,50,32453.3,24ec4a1dc2b8
AI3,50,32450.5,24ec4a1dc2b8
AI4,50,32450.5,24ec4a1dc2b8
AI5,50,32415.6,24ec4a1dc2b8
AI6,50,32400.8,24ec4a1dc2b8
AI7,50,32831.7,24ec4a1dc2b8
AI0,100,32802.1,24ec4a1dc2b8
AI1,100,32811.7,24ec4a1dc2b8
AI2,100,32457.3,24ec4a1dc2b8
AI3,100,32405.8,24ec4a1dc2b8
AI4,100,32453.7,24ec4a1dc2b8
AI5,100,32430.4,24ec4a1dc2b8
AI6,100,32456.0,24ec4a1dc2b8
AI7,100,32810.8,24ec4a1dc2b8
AI0,200,32808.7,24ec4a1dc2b8
AI1,200,32813.6,24ec4a1dc2b8
AI2,200,32426.3,24ec4a1dc2b8
AI3,200,32455.1,24ec4a1dc2b8
AI4,200,32467.9,24ec4a1dc2b8
AI5,200,32414.7,24ec4a1dc2b8
AI6,200,32416.2,24ec4a1dc2b8
AI7,200,32804.4,24ec4a1dc2b8
AI0,500,32821.0,24ec4a1dc2b8
AI1,500,32819.2,24ec4a1dc2b8
AI2,500,32445.0,24ec4a1dc2b8
AI3,500,32458.9,24ec4a1dc2b8
AI4,500,32437.2,24ec4a1dc2b8
AI5,500,32452.9,24ec4a1dc2b8
AI6,500,32444.4,24ec4a1dc2b8
AI7,500,32819.3,24ec4a1dc2b8
AI0,1000,32814.0,24ec4a1dc2b8
AI1,1000,32812.6,24ec4a1dc2b8
AI2,1000,32449.7,24ec4a1dc2b8
AI3,1000,32454.4,24ec4a1dc2b8
AI4,1000,32445.6,24ec4a1dc2b8
AI5,1000,32459.8,24ec4a1dc2b8
AI6,1000,32448.6,24ec4a1dc2b8
AI7,1000,32816.7,24ec4a1dc2b8
AI0,2000,32815.2,24ec4a1dc2b8
AI1,2000,32821.9,24ec4a1dc2b8
AI2,2000,32447.8,24ec4a1dc2b8
AI3,2000,32455.6,24ec4a1dc2b8
AI4,2000,32452.0,24ec4a1dc2b8
AI5,2000,32462.4,24ec4a1dc2b8
AI6,2000,32458.9,24ec4a1dc2b8
AI7,2000,32816.0,24ec4a1dc2b8
AI0,1,32568.0,24ec4a1dc2b8
AI1,1,32628.0,24ec4a1dc2b8
AI2,1,32489.0,24ec4a1dc2b8
AI3,1,32568.0,24ec4a1dc2b8
AI4,1,32350.0,24ec4a1dc2b8
AI5,1,32151.0,24ec4a1dc2b8
AI6,1,32211.0,24ec4a1dc2b8
AI7,1,32846.0,24ec4a1dc2b8
AI0,10,32770.9,24ec4a1dc2b8
AI1,10,32816.7,24ec4a1dc2b8
AI2,10,32393.7,24ec4a1dc2b8
AI3,10,32495.0,24ec4a1dc2b8
AI4,10,32413.6,24ec4a1dc2b8
AI5,10,32485.0,24ec4a1dc2b8
AI6,10,32508.9,24ec4a1dc2b8
AI7,10,32854.2,24ec4a1dc2b8
AI0,20,32842.3,24ec4a1dc2b8
AI1,20,32841.6,24ec4a1dc2b8
AI2,20,32467.1,24ec4a1dc2b8
AI3,20,32396.7,24ec4a1dc2b8
AI4,20,32422.5,24ec4a1dc2b8
AI5,20,32408.6,24ec4a1dc2b8
AI6,20,32399.7,24ec4a1dc2b8
AI7,20,32837.4,24ec4a1dc2b8
AI0,50,32794.4,24ec4a1dc2b8
AI1,50,32799.0,24ec4a1dc2b8
AI2,50,32407.2,24ec4a1dc2b8
AI3,50,32451.3,24ec4a1dc2b8
AI4,50,32423.1,24ec4a1dc2b8
AI5,50,32384.9,24ec4a1dc2b8
AI6,50,32448.5,24ec4a1dc2b8
AI7,50,32847.2,24ec4a1dc2b8
AI0,100,32821.3,24ec4a1dc2b8
AI1,100,32797.9,24ec4a1dc2b8
AI2,100,32460.6,24ec4a1dc2b8
AI3,100,32456.0,24ec4a1dc2b8
AI4,100,32435.3,24ec4a1dc2b8
AI5,100,32450.8,24ec4a1dc2b8
AI6,100,32465.7,24ec4a1dc2b8
AI7,100,32837.0,24ec4a1dc2b8
AI0,200,32811.7,24ec4a1dc2b8
AI1,200,32818.8,24ec4a1dc2b8
AI2,200,32468.4,24ec4a1dc2b8
AI3,200,32422.4,24ec4a1dc2b8
AI4,200,32445.4,24ec4a1dc2b8
AI5,200,32455.1,24ec4a1dc2b8
AI6,200,32457.3,24ec4a1dc2b8
AI7,200,32820.9,24ec4a1dc2b8
AI0,500,32816.4,24ec4a1dc2b8
AI1,500,32830.1,24ec4a1dc2b8
AI2,500,32456.5,24ec4a1dc2b8
AI3,500,32456.4,24ec4a1dc2b8
AI4,500,32446.7,24ec4a1dc2b8
AI5,500,32470.0,24ec4a1dc2b8
AI6,500,32456.9,24ec4a1dc2b8
AI7,500,32822.6,24ec4a1dc2b8
AI0,1000,32835.0,24ec4a1dc2b8
AI1,1000,32828.0,24ec4a1dc2b8
AI2,1000,32448.3,24ec4a1dc2b8
AI3,1000,32449.1,24ec4a1dc2b8
AI4,1000,32435.7,24ec4a1dc2b8
AI5,1000,32443.8,24ec4a1dc2b8
AI6,1000,32446.0,24ec4a1dc2b8
AI7,1000,32801.6,24ec4a1dc2b8
AI0,2000,32814.5,24ec4a1dc2b8
AI1,2000,32814.8,24ec4a1dc2b8
AI2,2000,32448.7,24ec4a1dc2b8
AI3,2000,32449.7,24ec4a1dc2b8
AI4,2000,32449.2,24ec4a1dc2b8
AI5,2000,32443.0,24ec4a1dc2b8
AI6,2000,32449.4,24ec4a1dc2b8
AI7,2000,32805.6,24ec4a1dc2b8
AI0,1,32767.0,24ec4a1dc2b8
AI1,1,32648.0,24ec4a1dc2b8
AI2,1,32529.0,24ec4a1dc2b8
AI3,1,32588.0,24ec4a1dc2b8
AI4,1,32489.0,24ec4a1dc2b8
AI5,1,32330.0,24ec4a1dc2b8
AI6,1,31973.0,24ec4a1dc2b8
AI7,1,32608.0,24ec4a1dc2b8
AI0,10,32750.9,24ec4a1dc2b8
AI1,10,32695.5,24ec4a1dc2b8
AI2,10,32399.6,24ec4a1dc2b8
AI3,10,32344.0,24ec4a1dc2b8
AI4,10,32508.8,24ec4a1dc2b8
AI5,10,32381.7,24ec4a1dc2b8
AI6,10,32461.3,24ec4a1dc2b8
AI7,10,32767.2,24ec4a1dc2b8
AI0,20,32809.7,24ec4a1dc2b8
AI1,20,32801.8,24ec4a1dc2b8
AI2,20,32295.3,24ec4a1dc2b8
AI3,20,32435.3,24ec4a1dc2b8
AI4,20,32432.5,24ec4a1dc2b8
AI5,20,32380.8,24ec4a1dc2b8
AI6,20,32335.1,24ec4a1dc2b8
AI7,20,32788.8,24ec4a1dc2b8
AI0,50,32814.2,24ec4a1dc2b8
AI1,50,32820.2,24ec4a1dc2b8
AI2,50,32426.3,24ec4a1dc2b8
AI3,50,32404.4,24ec4a1dc2b8
AI4,50,32451.3,24ec4a1dc2b8
AI5,50,32446.1,24ec4a1dc2b8
AI6,50,32433.0,24ec4a1dc2b8
AI7,50,32865.8,24ec4a1dc2b8
AI0,100,32801.7,24ec4a1dc2b8
AI1,100,32817.4,24ec4a1dc2b8
AI2,100,32414.5,24ec4a1dc2b8
AI3,100,32472.3,24ec4a1dc2b8
AI4,100,32478.3,24ec4a1dc2b8
AI5,100,32428.8,24ec4a1dc2b8
AI6,100,32440.4,24ec4a1dc2b8
AI7,100,32823.0,24ec4a1dc2b8
AI0,200,32810.5,24ec4a1dc2b8
AI1,200,32802.6,24ec4a1dc2b8
AI2,200,32423.8,24ec4a1dc2b8
AI3,200,32463.4,24ec4a1dc2b8
AI4,200,32465.1,24ec4a1dc2b8
AI5,200,32449.1,24ec4a1dc2b8
AI6,200,32446.8,24ec4a1dc2b8
AI7,200,32806.2,24ec4a1dc2b8
AI0,500,32805.0,24ec4a1dc2b8
AI1,500,32813.0,24ec4a1dc2b8
AI2,500,32432.5,24ec4a1dc2b8
AI3,500,32434.8,24ec4a1dc2b8
AI4,500,32426.9,24ec4a1dc2b8
AI5,500,32452.0,24ec4a1dc2b8
AI6,500,32435.5,24ec4a1dc2b8
AI7,500,32817.5,24ec4a1dc2b8
AI0,1000,32810.6,24ec4a1dc2b8
AI1,1000,32818.0,24ec4a1dc2b8
AI2,1000,32444.4,24ec4a1dc2b8
AI3,1000,32450.0,24ec4a1dc2b8
AI4,1000,32464.9,24ec4a1dc2b8
AI5,1000,32443.8,24ec4a1dc2b8
AI6,1000,32455.9,24ec4a1dc2b8
AI7,1000,32823.3,24ec4a1dc2b8
AI0,2000,32817.4,24ec4a1dc2b8
AI1,2000,32821.0,24ec4a1dc2b8
AI2,2000,32453.4,24ec4a1dc2b8
AI3,2000,32441.9,24ec4a1dc2b8
AI4,2000,32446.1,24ec4a1dc2b8
AI5,2000,32446.5,24ec4a1dc2b8
AI6,2000,32450.1,24ec4a1dc2b8
AI7,2000,32807.2,24ec4a1dc2b8
AI0,1,32926.0,24ec4a1dc2b8
AI1,1,32846.0,24ec4a1dc2b8
AI2,1,32171.0,24ec4a1dc2b8
AI3,1,32251.0,24ec4a1dc2b8
AI4,1,32330.0,24ec4a1dc2b8
AI5,1,32489.0,24ec4a1dc2b8
AI6,1,32330.0,24ec4a1dc2b8
AI7,1,32787.0,24ec4a1dc2b8
AI0,10,32820.5,24ec4a1dc2b8
AI1,10,32798.8,24ec4a1dc2b8
AI2,10,32457.2,24ec4a1dc2b8
AI3,10,32542.6,24ec4a1dc2b8
AI4,10,32379.8,24ec4a1dc2b8
AI5,10,32443.3,24ec4a1dc2b8
AI6,10,32437.4,24ec4a1dc2b8
AI7,10,32864.3,24ec4a1dc2b8
AI0,20,32810.7,24ec4a1dc2b8
AI1,20,32812.6,24ec4a1dc2b8
AI2,20,32447.4,24ec4a1dc2b8
AI3,20,32495.0,24ec4a1dc2b8
AI4,20,32508.8,24ec4a1dc2b8
AI5,20,32502.8,24ec4a1dc2b8
AI6,20,32477.0,24ec4a1dc2b8
AI7,20,32867.3,24ec4a1dc2b8
AI0,50,32811.4,24ec4a1dc2b8
AI1,50,32803.8,24ec4a1dc2b8
AI2,50,32456.4,24ec4a1dc2b8
AI3,50,32421.9,24ec4a1dc2b8
AI4,50,32449.3,24ec4a1dc2b8
AI5,50,32479.9,24ec4a1dc2b8
AI6,50,32439.4,24ec4a1dc2b8
AI7,50,32816.9,24ec4a1dc2b8
AI0,100,32803.7,24ec4a1dc2b8
AI1,100,32797.1,24ec4a1dc2b8
AI2,100,32462.4,24ec4a1dc2b8
AI3,100,32436.0,24ec4a1dc2b8
AI4,100,32455.8,24ec4a1dc2b8
AI5,100,32439.8,24ec4a1dc2b8
AI6,100,32449.1,24ec4a1dc2b8
AI7,100,32829.7,24ec4a1dc2b8
AI0,200,32809.3,24ec4a1dc2b8
AI1,200,32824.0,24ec4a1dc2b8
AI2,200,32437.3,24ec4a1dc2b8
AI3,200,32458.2,24ec4a1dc2b8
AI4,200,32449.0,24ec4a1dc2b8
AI5,200,32448.3,24ec4a1dc2b8
AI6,200,32461.6,24ec4a1dc2b8
AI7,200,32812.5,24ec4a1dc2b8
AI0,500,32818.3,24ec4a1dc2b8
AI1,500,32818.5,24ec4a1dc2b8
AI2,500,32459.2,24ec4a1dc2b8
AI3,500,32453.6,24ec4a1dc2b8
AI4,500,32457.9,24ec4a1dc2b8
AI5,500,32456.3,24ec4a1dc2b8
AI6,500,32478.9,24ec4a1dc2b8
AI7,500,32825.4,24ec4a1dc2b8
AI0,1000,32811.2,24ec4a1dc2b8
AI1,1000,32826.5,24ec4a1dc2b8
AI2,1000,32468.4,24ec4a1dc2b8
AI3,1000,32460.9,24ec4a1dc2b8
AI4,1000,32451.4,24ec4a1dc2b8
AI5,1000,32455.3,24ec4a1dc2b8
AI6,1000,32468.4,24ec4a1dc2b8
AI7,1000,32815.7,24ec4a1dc2b8
AI0,2000,32823.2,24ec4a1dc2b8
AI1,2000,32822.0,24ec4a1dc2b8
AI2,2000,32453.1,24ec4a1dc2b8
AI3,2000,32457.9,24ec4a1dc2b8
AI4,2000,32460.2,24ec4a1dc2b8
AI5,2000,32452.3,24ec4a1dc2b8
AI6,2000,32468.2,24ec4a1dc2b8
AI7,2000,32824.9,24ec4a1dc2b8
AI0,1,32807.0,24ec4a1dc2b8
AI1,1,32807.0,24ec4a1dc2b8
AI2,1,32310.0,24ec4a1dc2b8
AI3,1,32688.0,24ec4a1dc2b8
AI4,1,32628.0,24ec4a1dc2b8
AI5,1,32529.0,24ec4a1dc2b8
AI6,1,32568.0,24ec4a1dc2b8
AI7,1,32727.0,24ec4a1dc2b8
AI0,10,32818.6,24ec4a1dc2b8
AI1,10,32880.1,24ec4a1dc2b8
AI2,10,32415.5,24ec4a1dc2b8
AI3,10,32472.9,24ec4a1dc2b8
AI4,10,32427.4,24ec4a1dc2b8
AI5,10,32415.6,24ec4a1dc2b8
AI6,10,32437.3,24ec4a1dc2b8
AI7,10,32898.0,24ec4a1dc2b8
AI0,20,32829.4,24ec4a1dc2b8
AI1,20,32817.6,24ec4a1dc2b8
AI2,20,32389.7,24ec4a1dc2b8
AI3,20,32499.9,24ec4a1dc2b8
AI4,20,32504.8,24ec4a1dc2b8
AI5,20,32513.8,24ec4a1dc2b8
AI6,20,32512.8,24ec4a1dc2b8
AI7,20,32837.3,24ec4a1dc2b8
AI0,50,32844.0,24ec4a1dc2b8
AI1,50,32842.8,24ec4a1dc2b8
AI2,50,32458.8,24ec4a1dc2b8
AI3,50,32439.8,24ec4a1dc2b8
AI4,50,32453.3,24ec4a1dc2b8
AI5,50,32450.0,24ec4a1dc2b8
AI6,50,32475.5,24ec4a1dc2b8
AI7,50,32835.2,24ec4a1dc2b8
AI0,100,32828.5,24ec4a1dc2b8
AI1,100,32844.6,24ec4a1dc2b8
AI2,100,32467.0,24ec4a1dc2b8
AI3,100,32484.0,24ec4a1dc2b8
AI4,100,32465.4,24ec4a1dc2b8
AI5,100,32466.9,24ec4a1dc2b8
AI6,100,32456.9,24ec4a1dc2b8
AI7,100,32810.4,24ec4a1dc2b8
AI0,200,32835.6,24ec4a1dc2b8
AI1,200,32805.9,24ec4a1dc2b8
AI2,200,32473.6,24ec4a1dc2b8
AI3,200,32469.8,24ec4a1dc2b8
AI4,200,32474.1,24ec4a1dc2b8
AI5,200,32455.5,24ec4a1dc2b8
AI6,200,32452.3,24ec4a1dc2b8
AI7,200,32845.6,24ec4a1dc2b8
AI0,500,32822.0,24ec4a1dc2b8
AI1,500,32823.1,24ec4a1dc2b8
AI2,500,32456.9,24ec4a1dc2b8
AI3,500,32466.0,24ec4a1dc2b8
AI4,500,32448.9,24ec4a1dc2b8
AI5,500,32454.4,24ec4a1dc2b8
AI6,500,32458.3,24ec4a1dc2b8
AI7,500,32827.3,24ec4a1dc2b8
AI0,1000,32828.0,24ec4a1dc2b8
AI1,1000,32821.6,24ec4a1dc2b8
AI2,1000,32460.8,24ec4a1dc2b8
AI3,1000,32445.3,24ec4a1dc2b8
AI4,1000,32449.1,24ec4a1dc2b8
AI5,1000,32464.7,24ec4a1dc2b8
AI6,1000,32467.3,24ec4a1dc2b8
AI7,1000,32825.4,24ec4a1dc2b8
AI0,2000,32825.0,24ec4a1dc2b8
AI1,2000,32823.5,24ec4a1dc2b8
AI2,2000,32450.5,24ec4a1dc2b8
AI3,2000,32459.0,24ec4a1dc2b8
AI4,2000,32457.6,24ec4a1dc2b8
AI5,2000,32463.3,24ec4a1dc2b8
AI6,2000,32463.4,24ec4a1dc2b8
AI7,2000,32836.3,24ec4a1dc2b8
AI0,1,32926.0,24ec4a1dc2b8
AI1,1,32688.0,24ec4a1dc2b8
AI2,1,32529.0,24ec4a1dc2b8
AI3,1,32449.0,24ec4a1dc2b8
AI4,1,32449.0,24ec4a1dc2b8
AI5,1,32449.0,24ec4a1dc2b8
AI6,1,32529.0,24ec4a1dc2b8
AI7,1,32926.0,24ec4a1dc2b8
AI0,10,32852.4,24ec4a1dc2b8
AI1,10,32846.4,24ec4a1dc2b8
AI2,10,32306.4,24ec4a1dc2b8
AI3,10,32421.4,24ec4a1dc2b8
AI4,10,32594.3,24ec4a1dc2b8
AI5,10,32493.0,24ec4a1dc2b8
AI6,10,32455.2,24ec4a1dc2b8
AI7,10,32836.3,24ec4a1dc2b8
AI0,20,32877.0,24ec4a1dc2b8
AI1,20,32846.3,24ec4a1dc2b8
AI2,20,32463.1,24ec4a1dc2b8
AI3,20,32484.0,24ec4a1dc2b8
AI4,20,32428.5,24ec4a1dc2b8
AI5,20,32463.1,24ec4a1dc2b8
AI6,20,32413.6,24ec4a1dc2b8
AI7,20,32849.3,24ec4a1dc2b8
AI0,50,32814.7,24ec4a1dc2b8
AI1,50,32839.2,24ec4a1dc2b8
AI2,50,32444.5,24ec4a1dc2b8
AI3,50,32457.6,24ec4a1dc2b8
AI4,50,32465.2,24ec4a1dc2b8
AI5,50,32439.0,24ec4a1dc2b8
AI6,50,32456.4,24ec4a1dc2b8
AI7,50,32841.5,24ec4a1dc2b8
AI0,100,32837.4,24ec4a1dc2b8
AI1,100,32826.9,24ec4a1dc2b8
AI2,100,32441.3,24ec4a1dc2b8
AI3,100,32452.5,24ec4a1dc2b8
AI4,100,32449.8,24ec4a1dc2b8
AI5,100,32474.9,24ec4a1dc2b8
AI6,100,32459.6,24ec4a1dc2b8
AI7,100,32812.8,24ec4a1dc2b8
AI0,200,32814.3,24ec4a1dc2b8
AI1,200,32815.2,24ec4a1dc2b8
AI2,200,32447.2,24ec4a1dc2b8
AI3,200,32450.9,24ec4a1dc2b8
AI4,200,32455.3,24ec4a1dc2b8
AI5,200,32462.4,24ec4a1dc2b8
AI6,200,32465.4,24ec4a1dc2b8
AI7,200,32838.6,24ec4a1dc2b8
AI0,500,32840.1,24ec4a1dc2b8
AI1,500,32832.9,24ec4a1dc2b8
AI2,500,32451.8,24ec4a1dc2b8
AI3,500,32441.8,24ec4a1dc2b8
AI4,500,32467.0,24ec4a1dc2b8
AI5,500,32453.6,24ec4a1dc2b8
AI6,500,32465.3,24ec4a1dc2b8
AI7,500,32823.0,24ec4a1dc2b8
AI0,1000,32839.6,24ec4a1dc2b8
AI1,1000,32833.4,24ec4a1dc2b8
AI2,1000,32452.3,24ec4a1dc2b8
AI3,1000,32456.0,24ec4a1dc2b8
AI4,1000,32461.6,24ec4a1dc2b8
AI5,1000,32459.4,24ec4a1dc2b8
AI6,1000,32464.1,24ec4a1dc2b8
AI7,1000,32828.9,24ec4a1dc2b8
AI0,2000,32827.5,24ec4a1dc2b8
AI1,2000,32823.8,24ec4a1dc2b8
AI2,2000,32454.3,24ec4a1dc2b8
AI3,2000,32458.6,24ec4a1dc2b8
AI4,2000,32470.1,24ec4a1dc2b8
AI5,2000,32460.8,24ec4a1dc2b8
AI6,2000,32461.4,24ec4a1dc2b8
AI7,2000,32830.1,24ec4a1dc2b8
AI0,1,32747.0,24ec4a1dc2b8
AI1,1,32866.0,24ec4a1dc2b8
AI2,1,32251.0,24ec4a1dc2b8
AI3,1,32310.0,24ec4a1dc2b8
AI4,1,32747.0,24ec4a1dc2b8
AI5,1,32330.0,24ec4a1dc2b8
AI6,1,32271.0,24ec4a1dc2b8
AI7,1,32846.0,24ec4a1dc2b8
AI0,10,32872.1,24ec4a1dc2b8
AI1,10,32765.0,24ec4a1dc2b8
AI2,10,32363.9,24ec4a1dc2b8
AI3,10,32479.0,24ec4a1dc2b8
AI4,10,32465.1,24ec4a1dc2b8
AI5,10,32481.0,24ec4a1dc2b8
AI6,10,32320.0,24ec4a1dc2b8
AI7,10,32800.8,24ec4a1dc2b8
AI0,20,32820.6,24ec4a1dc2b8
AI1,20,32868.1,24ec4a1dc2b8
AI2,20,32485.0,24ec4a1dc2b8
AI3,20,32394.7,24ec4a1dc2b8
AI4,20,32522.8,24ec4a1dc2b8
AI5,20,32446.3,24ec4a1dc2b8
AI6,20,32413.6,24ec4a1dc2b8
AI7,20,32867.3,24ec4a1dc2b8
AI0,50,32799.2,24ec4a1dc2b8
AI1,50,32799.1,24ec4a1dc2b8
AI2,50,32472.3,24ec4a1dc2b8
AI3,50,32453.6,24ec4a1dc2b8
AI4,50,32513.2,24ec4a1dc2b8
AI5,50,32482.2,24ec4a1dc2b8
AI6,50,32518.7,24ec4a1dc2b8
AI7,50,32861.5,24ec4a1dc2b8
AI0,100,32824.5,24ec4a1dc2b8
AI1,100,32802.7,24ec4a1dc2b8
AI2,100,32474.3,24ec4a1dc2b8
AI3,100,32460.8,24ec4a1dc2b8
AI4,100,32466.4,24ec4a1dc2b8
AI5,100,32432.0,24ec4a1dc2b8
AI6,100,32433.0,24ec4a1dc2b8
AI7,100,32836.1,24ec4a1dc2b8
AI0,200,32824.1,24ec4a1dc2b8
AI1,200,32839.8,24ec4a1dc2b8
AI2,200,32440.2,24ec4a1dc2b8
AI3,200,32432.1,24ec4a1dc2b8
AI4,200,32456.6,24ec4a1dc2b8
AI5,200,32444.3,24ec4a1dc2b8
AI6,200,32468.6,24ec4a1dc2b8
AI7,200,32837.8,24ec4a1dc2b8
AI0,500,32835.2,24ec4a1dc2b8
AI1,500,32813.5,24ec4a1dc2b8
AI2,500,32463.7,24ec4a1dc2b8
AI3,500,32438.5,24ec4a1dc2b8
AI4,500,32450.7,24ec4a1dc2b8
AI5,500,32461.8,24ec4a1dc2b8
AI6,500,32452.7,24ec4a1dc2b8
AI7,500,32832.6,24ec4a1dc2b8
AI0,1000,32822.3,24ec4a1dc2b8
AI1,1000,32826.8,24ec4a1dc2b8
AI2,1000,32455.8,24ec4a1dc2b8
AI3,1000,32452.8,24ec4a1dc2b8
AI4,1000,32452.3,24ec4a1dc2b8
AI5,1000,32468.6,24ec4a1dc2b8
AI6,1000,32461.5,24ec4a1dc2b8
AI7,1000,32827.5,24ec4a1dc2b8
AI0,2000,32828.4,24ec4a1dc2b8
AI1,2000,32823.5,24ec4a1dc2b8
AI2,2000,32458.4,24ec4a1dc2b8
AI3,2000,32461.6,24ec4a1dc2b8
AI4,2000,32452.9,24ec4a1dc2b8
AI5,2000,32461.4,24ec4a1dc2b8
AI6,2000,32457.1,24ec4a1dc2b8
AI7,2000,32821.2,24ec4a1dc2b8
AI0,1,32846.0,24ec4a1dc2b8
AI1,1,33005.0,24ec4a1dc2b8
AI2,1,32410.0,24ec4a1dc2b8
AI3,1,32350.0,24ec4a1dc2b8
AI4,1,32449.0,24ec4a1dc2b8
AI5,1,32330.0,24ec4a1dc2b8
AI6,1,32529.0,24ec4a1dc2b8
AI7,1,32688.0,24ec4a1dc2b8
AI0,10,32810.6,24ec4a1dc2b8
AI1,10,32834.6,24ec4a1dc2b8
AI2,10,32409.4,24ec4a1dc2b8
AI3,10,32445.2,24ec4a1dc2b8
AI4,10,32326.2,24ec4a1dc2b8
AI5,10,32508.9,24ec4a1dc2b8
AI6,10,32500.9,24ec4a1dc2b8
AI7,10,32848.4,24ec4a1dc2b8
AI0,20,32853.3,24ec4a1dc2b8
AI1,20,32803.6,24ec4a1dc2b8
AI2,20,32434.4,24ec4a1dc2b8
AI3,20,32484.1,24ec4a1dc2b8
AI4,20,32426.5,24ec4a1dc2b8
AI5,20,32493.9,24ec4a1dc2b8
AI6,20,32505.9,24ec4a1dc2b8
AI7,20,32894.9,24ec4a1dc2b8
AI0,50,32804.7,24ec4a1dc2b8
AI1,50,32828.1,24ec4a1dc2b8
AI2,50,32411.6,24ec4a1dc2b8
AI3,50,32495.7,24ec4a1dc2b8
AI4,50,32469.1,24ec4a1dc2b8
AI5,50,32446.9,24ec4a1dc2b8
AI6,50,32490.2,24ec4a1dc2b8
AI7,50,32829.8,24ec4a1dc2b8
AI0,100,32825.9,24ec4a1dc2b8
AI1,100,32817.4,24ec4a1dc2b8
AI2,100,32453.1,24ec4a1dc2b8
AI3,100,32474.7,24ec4a1dc2b8
AI4,100,32462.2,24ec4a1dc2b8
AI5,100,32463.5,24ec4a1dc2b8
AI6,100,32439.3,24ec4a1dc2b8
AI7,100,32830.5,24ec4a1dc2b8
AI0,200,32831.3,24ec4a1dc2b8
AI1,200,32820.1,24ec4a1dc2b8
AI2,200,32455.0,24ec4a1dc2b8
AI3,200,32450.7,24ec4a1dc2b8
AI4,200,32452.6,24ec4a1dc2b8
AI5,200,32470.8,24ec4a1dc2b8
AI6,200,32482.6,24ec4a1dc2b8
AI7,200,32825.5,24ec4a1dc2b8
AI0,500,32826.9,24ec4a1dc2b8
AI1,500,32822.1,24ec4a1dc2b8
AI2,500,32470.9,24ec4a1dc2b8
AI3,500,32445.2,24ec4a1dc2b8
AI4,500,32465.2,24ec4a1dc2b8
AI5,500,32470.2,24ec4a1dc2b8
AI6,500,32464.8,24ec4a1dc2b8
AI7,500,32830.1,24ec4a1dc2b8
AI0,1000,32822.5,24ec4a1dc2b8
AI1,1000,32821.3,24ec4a1dc2b8
AI2,1000,32450.2,24ec4a1dc2b8
AI3,1000,32454.3,24ec4a1dc2b8
AI4,1000,32455.9,24ec4a1dc2b8
AI5,1000,32454.3,24ec4a1dc2b8
AI6,1000,32453.3,24ec4a1dc2b8
AI7,1000,32815.4,24ec4a1dc2b8
AI0,2000,32824.0,24ec4a1dc2b8
AI1,2000,32820.3,24ec4a1dc2b8
AI2,2000,32452.4,24ec4a1dc2b8
AI3,2000,32453.8,24ec4a1dc2b8
AI4,2000,32442.3,24ec4a1dc2b8
AI5,2000,32463.1,24ec4a1dc2b8
AI6,2000,32463.9,24ec4a1dc2b8
AI7,2000,32827.4,24ec4a1dc2b8
AI0,1,32886.0,24ec4a1dc2b8
AI1,1,33323.0,24ec4a1dc2b8
AI2,1,32310.0,24ec4a1dc2b8
AI3,1,32350.0,24ec4a1dc2b8
AI4,1,32211.0,24ec4a1dc2b8
AI5,1,32410.0,24ec4a1dc2b8
AI6,1,32568.0,24ec4a1dc2b8
AI7,1,32926.0,24ec4a1dc2b8
AI0,10,32882.2,24ec4a1dc2b8
AI1,10,32870.1,24ec4a1dc2b8
AI2,10,32451.2,24ec4a1dc2b8
AI3,10,32526.7,24ec4a1dc2b8
AI4,10,32447.3,24ec4a1dc2b8
AI5,10,32359.8,24ec4a1dc2b8
AI6,10,32536.7,24ec4a1dc2b8
AI7,10,32800.7,24ec4a1dc2b8
AI0,20,32841.4,24ec4a1dc2b8
AI1,20,32795.7,24ec4a1dc2b8
AI2,20,32556.4,24ec4a1dc2b8
AI3,20,32589.3,24ec4a1dc2b8
AI4,20,32466.2,24ec4a1dc2b8
AI5,20,32458.3,24ec4a1dc2b8
AI6,20,32429.3,24ec4a1dc2b8
AI7,20,32823.6,24ec4a1dc2b8
AI0,50,32832.5,24ec4a1dc2b8
AI1,50,32812.3,24ec4a1dc2b8
AI2,50,32424.6,24ec4a1dc2b8
AI3,50,32439.7,24ec4a1dc2b8
AI4,50,32409.6,24ec4a1dc2b8
AI5,50,32429.0,24ec4a1dc2b8
AI6,50,32497.7,24ec4a1dc2b8
AI7,50,32830.5,24ec4a1dc2b8
AI0,100,32808.3,24ec4a1dc2b8
AI1,100,32829.3,24ec4a1dc2b8
AI2,100,32459.4,24ec4a1dc2b8
AI3,100,32490.4,24ec4a1dc2b8
AI4,100,32436.0,24ec4a1dc2b8
AI5,100,32470.9,24ec4a1dc2b8
AI6,100,32468.2,24ec4a1dc2b8
AI7,100,32821.5,24ec4a1dc2b8
AI0,200,32827.2,24ec4a1dc2b8
AI1,200,32822.7,24ec4a1dc2b8
AI2,200,32442.7,24ec4a1dc2b8
AI3,200,32457.5,24ec4a1dc2b8
AI4,200,32449.8,24ec4a1dc2b8
AI5,200,32438.8,24ec4a1dc2b8
AI6,200,32454.6,24ec4a1dc2b8
AI7,200,32813.1,24ec4a1dc2b8
AI0,500,32830.0,24ec4a1dc2b8
AI1,500,32830.2,24ec4a1dc2b8
AI2,500,32450.6,24ec4a1dc2b8
AI3,500,32446.3,24ec4a1dc2b8
AI4,500,32459.8,24ec4a1dc2b8
AI5,500,32463.9,24ec4a1dc2b8
AI6,500,32472.1,24ec4a1dc2b8
AI7,500,32822.1,24ec4a1dc2b8
AI0,1000,32822.4,24ec4a1dc2b8
AI1,1000,32829.2,24ec4a1dc2b8
AI2,1000,32449.5,24ec4a1dc2b8
AI3,1000,32462.1,24ec4a1dc2b8
AI4,1000,32468.6,24ec4a1dc2b8
AI5,1000,32473.7,24ec4a1dc2b8
AI6,1000,32457.8,24ec4a1dc2b8
AI7,1000,32831.9,24ec4a1dc2b8
AI0,2000,32827.2,24ec4a1dc2b8
AI1,2000,32820.7,24ec4a1dc2b8
AI2,2000,32461.9,24ec4a1dc2b8
AI3,2000,32455.6,24ec4a1dc2b8
AI4,2000,32463.5,24ec4a1dc2b8
AI5,2000,32462.7,24ec4a1dc2b8
AI6,2000,32466.9,24ec4a1dc2b8
AI7,2000,32828.3,24ec4a1dc2b8
AI0,1,33005.0,24ec4a1dc2b8
AI1,1,32529.0,24ec4a1dc2b8
AI2,1,32588.0,24ec4a1dc2b8
AI3,1,33144.0,24ec4a1dc2b8
AI4,1,32211.0,24ec4a1dc2b8
AI5,1,32449.0,24ec4a1dc2b8
AI6,1,32310.0,24ec4a1dc2b8
AI7,1,32846.0,24ec4a1dc2b8
AI0,10,32890.0,24ec4a1dc2b8
AI1,10,32830.5,24ec4a1dc2b8
AI2,10,32451.3,24ec4a1dc2b8
AI3,10,32439.3,24ec4a1dc2b8
AI4,10,32483.1,24ec4a1dc2b8
AI5,10,32504.9,24ec4a1dc2b8
AI6,10,32520.9,24ec4a1dc2b8
AI7,10,32808.8,24ec4a1dc2b8
AI0,20,32872.2,24ec4a1dc2b8
AI1,20,32869.1,24ec4a1dc2b8
AI2,20,32459.2,24ec4a1dc2b8
AI3,20,32446.3,24ec4a1dc2b8
AI4,20,32509.8,24ec4a1dc2b8
AI5,20,32489.9,24ec4a1dc2b8
AI6,20,32505.9,24ec4a1dc2b8
AI7,20,32812.6,24ec4a1dc2b8
AI0,50,32829.3,24ec4a1dc2b8
AI1,50,32830.9,24ec4a1dc2b8
AI2,50,32422.3,24ec4a1dc2b8
AI3,50,32411.6,24ec4a1dc2b8
AI4,50,32458.4,24ec4a1dc2b8
AI5,50,32470.3,24ec4a1dc2b8
AI6,50,32457.7,24ec4a1dc2b8
AI7,50,32826.5,24ec4a1dc2b8
AI0,100,32822.0,24ec4a1dc2b8
AI1,100,32803.5,24ec4a1dc2b8
AI2,100,32463.0,24ec4a1dc2b8
AI3,100,32428.0,24ec4a1dc2b8
AI4,100,32454.2,24ec4a1dc2b8
AI5,100,32496.3,24ec4a1dc2b8
AI6,100,32444.7,24ec4a1dc2b8
AI7,100,32825.2,24ec4a1dc2b8
AI0,200,32815.7,24ec4a1dc2b8
AI1,200,32815.8,24ec4a1dc2b8
AI2,200,32465.8,24ec4a1dc2b8
AI3,200,32448.6,24ec4a1dc2b8
AI4,200,32446.8,24ec4a1dc2b8
AI5,200,32452.5,24ec4a1dc2b8
AI6,200,32484.7,24ec4a1dc2b8
AI7,200,32832.1,24ec4a1dc2b8
AI0,500,32818.8,24ec4a1dc2b8
AI1,500,32825.0,24ec4a1dc2b8
AI2,500,32471.2,24ec4a1dc2b8
AI3,500,32461.0,24ec4a1dc2b8
AI4,500,32454.2,24ec4a1dc2b8
AI5,500,32447.1,24ec4a1dc2b8
AI6,500,32451.3,24ec4a1dc2b8
AI7,500,32829.1,24ec4a1dc2b8
AI0,1000,32832.8,24ec4a1dc2b8
AI1,1000,32820.5,24ec4a1dc2b8
AI2,1000,32441.9,24ec4a1dc2b8
AI3,1000,32448.8,24ec4a1dc2b8
AI4,1000,32452.8,24ec4a1dc2b8
AI5,1000,32460.2,24ec4a1dc2b8
AI6,1000,32456.9,24ec4a1dc2b8
AI7,1000,32825.7,24ec4a1dc2b8
AI0,2000,32822.3,24ec4a1dc2b8
AI1,2000,32824.1,24ec4a1dc2b8
AI2,2000,32458.8,24ec4a1dc2b8
AI3,2000,32462.4,24ec4a1dc2b8
AI4,2000,32464.3,24ec4a1dc2b8
AI5,2000,32469.9,24ec4a1dc2b8
AI6,2000,32461.1,24ec4a1dc2b8
AI7,2000,32819.1,24ec4a1dc2b8
AI0,1,32807.0,24ec4a1dc2b8
AI1,1,32767.0,24ec4a1dc2b8
AI2,1,32628.0,24ec4a1dc2b8
AI3,1,32410.0,24ec4a1dc2b8
AI4,1,32509.0,24ec4a1dc2b8
AI5,1,32449.0,24ec4a1dc2b8
AI6,1,32648.0,24ec4a1dc2b8
AI7,1,33303.0,24ec4a1dc2b8
AI0,10,32828.4,24ec4a1dc2b8
AI1,10,32774.8,24ec4a1dc2b8
AI2,10,32475.1,24ec4a1dc2b8
AI3,10,32504.8,24ec4a1dc2b8
AI4,10,32453.2,24ec4a1dc2b8
AI5,10,32447.3,24ec4a1dc2b8
AI6,10,32504.9,24ec4a1dc2b8
AI7,10,32790.8,24ec4a1dc2b8
AI0,20,32822.5,24ec4a1dc2b8
AI1,20,32781.8,24ec4a1dc2b8
AI2,20,32450.3,24ec4a1dc2b8
AI3,20,32466.1,24ec4a1dc2b8
AI4,20,32466.0,24ec4a1dc2b8
AI5,20,32485.0,24ec4a1dc2b8
AI6,20,32474.0,24ec4a1dc2b8
AI7,20,32831.4,24ec4a1dc2b8
AI0,50,32813.4,24ec4a1dc2b8
AI1,50,32796.0,24ec4a1dc2b8
AI2,50,32416.2,24ec4a1dc2b8
AI3,50,32411.5,24ec4a1dc2b8
AI4,50,32458.7,24ec4a1dc2b8
AI5,50,32439.8,24ec4a1dc2b8
AI6,50,32422.2,24ec4a1dc2b8
AI7,50,32823.3,24ec4a1dc2b8
AI0,100,32811.2,24ec4a1dc2b8
AI1,100,32826.5,24ec4a1dc2b8
AI2,100,32475.8,24ec4a1dc2b8
AI3,100,32440.8,24ec4a1dc2b8
AI4,100,32408.6,24ec4a1dc2b8
AI5,100,32432.0,24ec4a1dc2b8
AI6,100,32477.9,24ec4a1dc2b8
AI7,100,32836.2,24ec4a1dc2b8
AI0,200,32832.2,24ec4a1dc2b8
AI1,200,32835.5,24ec4a1dc2b8
AI2,200,32454.7,24ec4a1dc2b8
AI3,200,32442.2,24ec4a1dc2b8
AI4,200,32454.0,24ec4a1dc2b8
AI5,200,32449.7,24ec4a1dc2b8
AI6,200,32442.2,24ec4a1dc2b8
AI7,200,32826.1,24ec4a1dc2b8
AI0,500,32825.0,24ec4a1dc2b8
AI1,500,32839.7,24ec4a1dc2b8
AI2,500,32450.9,24ec4a1dc2b8
AI3,500,32455.5,24ec4a1dc2b8
AI4,500,32460.7,24ec4a1dc2b8
AI5,500,32434.1,24ec4a1dc2b8
AI6,500,32467.0,24ec4a1dc2b8
AI7,500,32837.2,24ec4a1dc2b8
AI0,1000,32830.2,24ec4a1dc2b8
AI1,1000,32838.4,24ec4a1dc2b8
AI2,1000,32462.3,24ec4a1dc2b8
AI3,1000,32464.0,24ec4a1dc2b8
AI4,1000,32466.4,24ec4a1dc2b8
AI5,1000,32465.2,24ec4a1dc2b8
AI6,1000,32457.7,24ec4a1dc2b8
AI7,1000,32817.3,24ec4a1dc2b8
AI0,2000,32830.5,24ec4a1dc2b8
AI1,2000,32823.4,24ec4a1dc2b8
AI2,2000,32454.2,24ec4a1dc2b8
AI3,2000,32454.8,24ec4a1dc2b8
AI4,2000,32457.7,24ec4a1dc2b8
AI5,2000,32460.8,24ec4a1dc2b8
AI6,2000,32462.4,24ec4a1dc2b8
AI7,2000,32827.8,24ec4a1dc2b8
AI0,1,32926.0,24ec4a1dc2b8
AI1,1,32886.0,24ec4a1dc2b8
AI2,1,32449.0,24ec4a1dc2b8
AI3,1,32350.0,24ec4a1dc2b8
AI4,1,32628.0,24ec4a1dc2b8
AI5,1,32568.0,24ec4a1dc2b8
AI6,1,32310.0,24ec4a1dc2b8
AI7,1,32807.0,24ec4a1dc2b8
AI0,10,32862.3,24ec4a1dc2b8
AI1,10,32842.5,24ec4a1dc2b8
AI2,10,32487.0,24ec4a1dc2b8
AI3,10,32475.0,24ec4a1dc2b8
AI4,10,32435.5,24ec4a1dc2b8
AI5,10,32512.9,24ec4a1dc2b8
AI6,10,32346.0,24ec4a1dc2b8
AI7,10,32780.9,24ec4a1dc2b8
AI0,20,32831.4,24ec4a1dc2b8
AI1,20,32827.5,24ec4a1dc2b8
AI2,20,32422.4,24ec4a1dc2b8
AI3,20,32415.4,24ec4a1dc2b8
AI4,20,32515.8,24ec4a1dc2b8
AI5,20,32440.4,24ec4a1dc2b8
AI6,20,32485.9,24ec4a1dc2b8
AI7,20,32836.5,24ec4a1dc2b8
AI0,50,32835.2,24ec4a1dc2b8
AI1,50,32787.2,24ec4a1dc2b8
AI2,50,32489.4,24ec4a1dc2b8
AI3,50,32421.5,24ec4a1dc2b8
AI4,50,32471.5,24ec4a1dc2b8
AI5,50,32491.3,24ec4a1dc2b8
AI6,50,32479.1,24ec4a1dc2b8
AI7,50,32844.4,24ec4a1dc2b8
AI0,100,32867.8,24ec4a1dc2b8
AI1,100,32806.0,24ec4a1dc2b8
AI2,100,32484.6,24ec4a1dc2b8
AI3,100,32476.9,24ec4a1dc2b8
AI4,100,32477.7,24ec4a1dc2b8
AI5,100,32474.1,24ec4a1dc2b8
AI6,100,32467.0,24ec4a1dc2b8
AI7,100,32852.3,24ec4a1dc2b8
AI0,200,32840.9,24ec4a1dc2b8
AI1,200,32818.7,24ec4a1dc2b8
AI2,200,32428.2,24ec4a1dc2b8
AI3,200,32432.7,24ec4a1dc2b8
AI4,200,32468.5,24ec4a1dc2b8
AI5,200,32463.6,24ec4a1dc2b8
AI6,200,32452.5,24ec4a1dc2b8
AI7,200,32816.2,24ec4a1dc2b8
AI0,500,32827.2,24ec4a1dc2b8
AI1,500,32819.7,24ec4a1dc2b8
AI2,500,32443.6,24ec4a1dc2b8
AI3,500,32464.6,24ec4a1dc2b8
AI4,500,32445.0,24ec4a1dc2b8
AI5,500,32449.3,24ec4a1dc2b8
AI6,500,32464.7,24ec4a1dc2b8
AI7,500,32825.2,24ec4a1dc2b8
AI0,1000,32832.6,24ec4a1dc2b8
AI1,1000,32834.0,24ec4a1dc2b8
AI2,1000,32459.0,24ec4a1dc2b8
AI3,1000,32468.6,24ec4a1dc2b8
AI4,1000,32474.6,24ec4a1dc2b8
AI5,1000,32466.1,24ec4a1dc2b8
AI6,1000,32469.5,24ec4a1dc2b8
AI7,1000,32831.8,24ec4a1dc2b8
AI0,2000,32830.3,24ec4a1dc2b8
AI1,2000,32826.5,24ec4a1dc2b8
AI2,2000,32471.7,24ec4a1dc2b8
AI3,2000,32469.3,24ec4a1dc2b8
AI4,2000,32468.9,24ec4a1dc2b8
AI5,2000,32472.7,24ec4a1dc2b8
AI6,2000,32474.7,24ec4a1dc2b8
AI7,2000,32834.5,24ec4a1dc2b8
AI0,1,32846.0,24ec4a1dc2b8
AI1,1,32688.0,24ec4a1dc2b8
AI2,1,32330.0,24ec4a1dc2b8
AI3,1,32489.0,24ec4a1dc2b8
AI4,1,32330.0,24ec4a1dc2b8
AI5,1,32469.0,24ec4a1dc2b8
AI6,1,32449.0,24ec4a1dc2b8
AI7,1,32767.0,24ec4a1dc2b8
AI0,10,32769.0,24ec4a1dc2b8
AI1,10,32820.6,24ec4a1dc2b8
AI2,10,32498.9,24ec4a1dc2b8
AI3,10,32397.8,24ec4a1dc2b8
AI4,10,32387.6,24ec4a1dc2b8
AI5,10,32548.5,24ec4a1dc2b8
AI6,10,32570.5,24ec4a1dc2b8
AI7,10,32929.7,24ec4a1dc2b8
AI0,20,32801.6,24ec4a1dc2b8
AI1,20,32783.8,24ec4a1dc2b8
AI2,20,32478.1,24ec4a1dc2b8
AI3,20,32558.4,24ec4a1dc2b8
AI4,20,32515.8,24ec4a1dc2b8
AI5,20,32468.2,24ec4a1dc2b8
AI6,20,32529.7,24ec4a1dc2b8
AI7,20,32847.3,24ec4a1dc2b8
AI0,50,32826.5,24ec4a1dc2b8
AI1,50,32833.7,24ec4a1dc2b8
AI2,50,32447.7,24ec4a1dc2b8
AI3,50,32442.1,24ec4a1dc2b8
AI4,50,32442.1,24ec4a1dc2b8
AI5,50,32412.3,24ec4a1dc2b8
AI6,50,32492.1,24ec4a1dc2b8
AI7,50,32848.0,24ec4a1dc2b8
AI0,100,32819.0,24ec4a1dc2b8
AI1,100,32828.3,24ec4a1dc2b8
AI2,100,32462.4,24ec4a1dc2b8
AI3,100,32444.9,24ec4a1dc2b8
AI4,100,32446.5,24ec4a1dc2b8
AI5,100,32439.7,24ec4a1dc2b8
AI6,100,32474.7,24ec4a1dc2b8
AI7,100,32833.3,24ec4a1dc2b8
AI0,200,32825.9,24ec4a1dc2b8
AI1,200,32824.8,24ec4a1dc2b8
AI2,200,32457.8,24ec4a1dc2b8
AI3,200,32473.3,24ec4a1dc2b8
AI4,200,32462.7,24ec4a1dc2b8
AI5,200,32461.5,24ec4a1dc2b8
AI6,200,32484.1,24ec4a1dc2b8
AI7,200,32821.2,24ec4a1dc2b8
AI0,500,32839.0,24ec4a1dc2b8
AI1,500,32824.8,24ec4a1dc2b8
AI2,500,32451.9,24ec4a1dc2b8
AI3,500,32465.5,24ec4a1dc2b8
AI4,500,32479.9,24ec4a1dc2b8
AI5,500,32481.2,24ec4a1dc2b8
AI6,500,32476.0,24ec4a1dc2b8
AI7,500,32815.7,24ec4a1dc2b8
AI0,1000,32821.4,24ec4a1dc2b8
AI1,1000,32831.4,24ec4a1dc2b8
AI2,1000,32470.1,24ec4a1dc2b8
AI3,1000,32452.8,24ec4a1dc2b8
AI4,1000,32463.7,24ec4a1dc2b8
AI5,1000,32462.4,24ec4a1dc2b8
AI6,1000,32465.9,24ec4a1dc2b8
AI7,1000,32829.2,24ec4a1dc2b8
AI0,2000,32830.5,24ec4a1dc2b8
AI1,2000,32834.8,24ec4a1dc2b8
AI2,2000,32464.2,24ec4a1dc2b8
AI3,2000,32467.9,24ec4a1dc2b8
AI4,2000,32465.0,24ec4a1dc2b8
AI5,2000,32468.7,24ec4a1dc2b8
AI6,2000,32460.5,24ec4a1dc2b8
AI7,2000,32829.5,24ec4a1dc2b8
AI0,1,32846.0,24ec4a1dc2b8
AI1,1,32846.0,24ec4a1dc2b8
AI2,1,32410.0,24ec4a1dc2b8
AI3,1,32449.0,24ec4a1dc2b8
AI4,1,32529.0,24ec4a1dc2b8
AI5,1,32469.0,24ec4a1dc2b8
AI6,1,32529.0,24ec4a1dc2b8
AI7,1,32767.0,24ec4a1dc2b8
AI0,10,32816.6,24ec4a1dc2b8
AI1,10,32864.3,24ec4a1dc2b8
AI2,10,32401.7,24ec4a1dc2b8
AI3,10,32548.6,24ec4a1dc2b8
AI4,10,32469.1,24ec4a1dc2b8
AI5,10,32429.5,24ec4a1dc2b8
AI6,10,32618.0,24ec4a1dc2b8
AI7,10,32887.9,24ec4a1dc2b8
AI0,20,32821.5,24ec4a1dc2b8
AI1,20,32809.7,24ec4a1dc2b8
AI2,20,32465.3,24ec4a1dc2b8
AI3,20,32527.8,24ec4a1dc2b8
AI4,20,32471.2,24ec4a1dc2b8
AI5,20,32439.3,24ec4a1dc2b8
AI6,20,32511.9,24ec4a1dc2b8
AI7,20,32794.9,24ec4a1dc2b8
AI0,50,32813.4,24ec4a1dc2b8
AI1,50,32797.2,24ec4a1dc2b8
AI2,50,32433.8,24ec4a1dc2b8
AI3,50,32491.4,24ec4a1dc2b8
AI4,50,32477.8,24ec4a1dc2b8
AI5,50,32487.8,24ec4a1dc2b8
AI6,50,32431.8,24ec4a1dc2b8
AI7,50,32812.7,24ec4a1dc2b8
AI0,100,32825.7,24ec4a1dc2b8
AI1,100,32813.0,24ec4a1dc2b8
AI2,100,32448.9,24ec4a1dc2b8
AI3,100,32454.4,24ec4a1dc2b8
AI4,100,32498.7,24ec4a1dc2b8
AI5,100,32496.8,24ec4a1dc2b8
AI6,100,32440.9,24ec4a1dc2b8
AI7,100,32854.5,24ec4a1dc2b8
AI0,200,32824.2,24ec4a1dc2b8
AI1,200,32828.7,24ec4a1dc2b8
AI2,200,32451.3,24ec4a1dc2b8
AI3,200,32436.4,24ec4a1dc2b8
AI4,200,32449.2,24ec4a1dc2b8
AI5,200,32441.8,24ec4a1dc2b8
AI6,200,32463.3,24ec4a1dc2b8
AI7,200,32821.7,24ec4a1dc2b8
AI0,500,32831.7,24ec4a1dc2b8
AI1,500,32821.1,24ec4a1dc2b8
AI2,500,32454.6,24ec4a1dc2b8
AI3,500,32463.9,24ec4a1dc2b8
AI4,500,32466.6,24ec4a1dc2b8
AI5,500,32466.1,24ec4a1dc2b8
AI6,500,32461.6,24ec4a1dc2b8
AI7,500,32830.2,24ec4a1dc2b8
AI0,1000,32842.9,24ec4a1dc2b8
AI1,1000,32840.2,24ec4a1dc2b8
AI2,1000,32468.4,24ec4a1dc2b8
AI3,1000,32458.6,24ec4a1dc2b8
AI4,1000,32469.3,24ec4a1dc2b8
AI5,1000,32473.5,24ec4a1dc2b8
AI6,1000,32485.3,24ec4a1dc2b8
AI7,1000,32822.8,24ec4a1dc2b8
AI0,2000,32827.4,24ec4a1dc2b8
AI1,2000,32824.0,24ec4a1dc2b8
AI2,2000,32457.2,24ec4a1dc2b8
AI3,2000,32460.8,24ec4a1dc2b8
AI4,2000,32463.5,24ec4a1dc2b8
AI5,2000,32464.4,24ec4a1dc2b8
AI6,2000,32469.5,24ec4a1dc2b8
AI7,2000,32822.5,24ec4a1dc2b8
AI0,1,32866.0,24ec4a1dc2b8
AI1,1,32926.0,24ec4a1dc2b8
AI2,1,32489.0,24ec4a1dc2b8
AI3,1,32628.0,24ec4a1dc2b8
AI4,1,32330.0,24ec4a1dc2b8
AI5,1,32410.0,24ec4a1dc2b8
AI6,1,32251.0,24ec4a1dc2b8
AI7,1,33065.0,24ec4a1dc2b8
AI0,10,32838.3,24ec4a1dc2b8
AI1,10,32868.1,24ec4a1dc2b8
AI2,10,32429.4,24ec4a1dc2b8
AI3,10,32371.8,24ec4a1dc2b8
AI4,10,32491.1,24ec4a1dc2b8
AI5,10,32357.9,24ec4a1dc2b8
AI6,10,32530.8,24ec4a1dc2b8
AI7,10,32786.9,24ec4a1dc2b8
AI0,20,32850.3,24ec4a1dc2b8
AI1,20,32798.7,24ec4a1dc2b8
AI2,20,32495.9,24ec4a1dc2b8
AI3,20,32400.6,24ec4a1dc2b8
AI4,20,32500.9,24ec4a1dc2b8
AI5,20,32460.3,24ec4a1dc2b8
AI6,20,32421.4,24ec4a1dc2b8
AI7,20,32830.5,24ec4a1dc2b8
AI0,50,32817.8,24ec4a1dc2b8
AI1,50,32814.6,24ec4a1dc2b8
AI2,50,32469.9,24ec4a1dc2b8
AI3,50,32460.4,24ec4a1dc2b8
AI4,50,32499.3,24ec4a1dc2b8
AI5,50,32468.3,24ec4a1dc2b8
AI6,50,32503.3,24ec4a1dc2b8
AI7,50,32854.7,24ec4a1dc2b8
AI0,100,32813.4,24ec4a1dc2b8
AI1,100,32821.8,24ec4a1dc2b8
AI2,100,32474.1,24ec4a1dc2b8
AI3,100,32470.1,24ec4a1dc2b8
AI4,100,32466.1,24ec4a1dc2b8
AI5,100,32420.7,24ec4a1dc2b8
AI6,100,32473.3,24ec4a1dc2b8
AI7,100,32813.0,24ec4a1dc2b8
AI0,200,32827.8,24ec4a1dc2b8
AI1,200,32821.4,24ec4a1dc2b8
AI2,200,32462.6,24ec4a1dc2b8
AI3,200,32473.5,24ec4a1dc2b8
AI4,200,32477.6,24ec4a1dc2b8
AI5,200,32470.3,24ec4a1dc2b8
AI6,200,32426.9,24ec4a1dc2b8
AI7,200,32834.8,24ec4a1dc2b8
AI0,500,32826.7,24ec4a1dc2b8
AI1,500,32830.7,24ec4a1dc2b8
AI2,500,32465.6,24ec4a1dc2b8
AI3,500,32463.7,24ec4a1dc2b8
AI4,500,32468.5,24ec4a1dc2b8
AI5,500,32469.6,24ec4a1dc2b8
AI6,500,32472.4,24ec4a1dc2b8
AI7,500,32835.7,24ec4a1dc2b8
AI0,1000,32826.8,24ec4a1dc2b8
AI1,1000,32835.8,24ec4a1dc2b8
AI2,1000,32461.3,24ec4a1dc2b8
AI3,1000,32472.0,24ec4a1dc2b8
AI4,1000,32461.0,24ec4a1dc2b8
AI5,1000,32462.7,24ec4a1dc2b8
AI6,1000,32472.9,24ec4a1dc2b8
AI7,1000,32822.0,24ec4a1dc2b8
AI0,2000,32828.5,24ec4a1dc2b8
AI1,2000,32824.9,24ec4a1dc2b8
AI2,2000,32468.3,24ec4a1dc2b8
AI3,2000,32461.4,24ec4a1dc2b8
AI4,2000,32460.6,24ec4a1dc2b8
AI5,2000,32472.1,24ec4a1dc2b8
AI6,2000,32472.4,24ec4a1dc2b8
AI7,2000,32822.1,24ec4a1dc2b8
AI0,1,32767.0,24ec4a1dc2b8
AI1,1,32846.0,24ec4a1dc2b8
AI2,1,32251.0,24ec4a1dc2b8
AI3,1,32310.0,24ec4a1dc2b8
AI4,1,32410.0,24ec4a1dc2b8
AI5,1,32449.0,24ec4a1dc2b8
AI6,1,32489.0,24ec4a1dc2b8
AI7,1,32926.0,24ec4a1dc2b8
AI0,10,32850.3,24ec4a1dc2b8
AI1,10,32820.6,24ec4a1dc2b8
AI2,10,32455.2,24ec4a1dc2b8
AI3,10,32451.3,24ec4a1dc2b8
AI4,10,32479.1,24ec4a1dc2b8
AI5,10,32419.6,24ec4a1dc2b8
AI6,10,32487.0,24ec4a1dc2b8
AI7,10,32804.6,24ec4a1dc2b8
AI0,20,32806.8,24ec4a1dc2b8
AI1,20,32800.8,24ec4a1dc2b8
AI2,20,32449.3,24ec4a1dc2b8
AI3,20,32394.6,24ec4a1dc2b8
AI4,20,32531.7,24ec4a1dc2b8
AI5,20,32425.4,24ec4a1dc2b8
AI6,20,32448.3,24ec4a1dc2b8
AI7,20,32801.8,24ec4a1dc2b8
AI0,50,32826.9,24ec4a1dc2b8
AI1,50,32824.5,24ec4a1dc2b8
AI2,50,32476.7,24ec4a1dc2b8
AI3,50,32416.7,24ec4a1dc2b8
AI4,50,32489.7,24ec4a1dc2b8
AI5,50,32465.2,24ec4a1dc2b8
AI6,50,32450.1,24ec4a1dc2b8
AI7,50,32807.5,24ec4a1dc2b8
AI0,100,32814.6,24ec4a1dc2b8
AI1,100,32809.3,24ec4a1dc2b8
AI2,100,32448.7,24ec4a1dc2b8
AI3,100,32450.3,24ec4a1dc2b8
AI4,100,32446.9,24ec4a1dc2b8
AI5,100,32452.7,24ec4a1dc2b8
AI6,100,32422.9,24ec4a1dc2b8
AI7,100,32806.1,24ec4a1dc2b8
AI0,200,32825.1,24ec4a1dc2b8
AI1,200,32812.9,24ec4a1dc2b8
AI2,200,32459.9,24ec4a1dc2b8
AI3,200,32450.0,24ec4a1dc2b8
AI4,200,32456.5,24ec4a1dc2b8
AI5,200,32472.0,24ec4a1dc2b8
AI6,200,32453.8,24ec4a1dc2b8
AI7,200,32801.7,24ec4a1dc2b8
AI0,500,32822.7,24ec4a1dc2b8
AI1,500,32832.3,24ec4a1dc2b8
AI2,500,32476.4,24ec4a1dc2b8
AI3,500,32475.4,24ec4a1dc2b8
AI4,500,32467.3,24ec4a1dc2b8
AI5,500,32451.6,24ec4a1dc2b8
AI6,500,32462.5,24ec4a1dc2b8
AI7,500,32828.4,24ec4a1dc2b8
AI0,1000,32831.5,24ec4a1dc2b8
AI1,1000,32838.6,24ec4a1dc2b8
AI2,1000,32479.5,24ec4a1dc2b8
AI3,1000,32462.8,24ec4a1dc2b8
AI4,1000,32464.4,24ec4a1dc2b8
AI5,1000,32464.2,24ec4a1dc2b8
AI6,1000,32467.9,24ec4a1dc2b8
AI7,1000,32828.7,24ec4a1dc2b8
AI0,2000,32841.5,24ec4a1dc2b8
AI1,2000,32836.6,24ec4a1dc2b8
AI2,2000,32470.8,24ec4a1dc2b8
AI3,2000,32474.9,24ec4a1dc2b8
AI4,2000,32476.6,24ec4a1dc2b8
AI5,2000,32480.1,24ec4a1dc2b8
AI6,2000,32468.6,24ec4a1dc2b8
AI7,2000,32831.7,24ec4a1dc2b8
AI0,1,32787.0,24ec4a1dc2b8
AI1,1,32767.0,24ec4a1dc2b8
AI2,1,32628.0,24ec4a1dc2b8
AI3,1,32509.0,24ec4a1dc2b8
AI4,1,32350.0,24ec4a1dc2b8
AI5,1,32648.0,24ec4a1dc2b8
AI6,1,32628.0,24ec4a1dc2b8
AI7,1,32846.0,24ec4a1dc2b8
AI0,10,32913.9,24ec4a1dc2b8
AI1,10,32836.6,24ec4a1dc2b8
AI2,10,32489.0,24ec4a1dc2b8
AI3,10,32503.0,24ec4a1dc2b8
AI4,10,32500.9,24ec4a1dc2b8
AI5,10,32485.1,24ec4a1dc2b8
AI6,10,32485.0,24ec4a1dc2b8
AI7,10,32814.6,24ec4a1dc2b8
AI0,20,32855.3,24ec4a1dc2b8
AI1,20,32889.1,24ec4a1dc2b8
AI2,20,32443.3,24ec4a1dc2b8
AI3,20,32548.6,24ec4a1dc2b8
AI4,20,32408.5,24ec4a1dc2b8
AI5,20,32565.3,24ec4a1dc2b8
AI6,20,32516.8,24ec4a1dc2b8
AI7,20,32847.3,24ec4a1dc2b8
AI0,50,32830.1,24ec4a1dc2b8
AI1,50,32834.5,24ec4a1dc2b8
AI2,50,32439.7,24ec4a1dc2b8
AI3,50,32517.6,24ec4a1dc2b8
AI4,50,32497.7,24ec4a1dc2b8
AI5,50,32503.3,24ec4a1dc2b8
AI6,50,32470.7,24ec4a1dc2b8
AI7,50,32837.6,24ec4a1dc2b8
AI0,100,32843.6,24ec4a1dc2b8
AI1,100,32865.6,24ec4a1dc2b8
AI2,100,32478.3,24ec4a1dc2b8
AI3,100,32415.3,24ec4a1dc2b8
AI4,100,32474.3,24ec4a1dc2b8
AI5,100,32470.3,24ec4a1dc2b8
AI6,100,32472.7,24ec4a1dc2b8
AI7,100,32834.1,24ec4a1dc2b8
AI0,200,32836.8,24ec4a1dc2b8
AI1,200,32835.8,24ec4a1dc2b8
AI2,200,32487.7,24ec4a1dc2b8
AI3,200,32472.4,24ec4a1dc2b8
AI4,200,32488.7,24ec4a1dc2b8
AI5,200,32465.8,24ec4a1dc2b8
AI6,200,32474.9,24ec4a1dc2b8
AI7,200,32833.3,24ec4a1dc2b8
AI0,500,32837.1,24ec4a1dc2b8
AI1,500,32834.5,24ec4a1dc2b8
AI2,500,32467.2,24ec4a1dc2b8
AI3,500,32457.0,24ec4a1dc2b8
AI4,500,32470.2,24ec4a1dc2b8
AI5,500,32471.4,24ec4a1dc2b8
AI6,500,32481.1,24ec4a1dc2b8
AI7,500,32828.9,24ec4a1dc2b8
AI0,1000,32842.1,24ec4a1dc2b8
AI1,1000,32831.5,24ec4a1dc2b8
AI2,1000,32466.0,24ec4a1dc2b8
AI3,1000,32471.0,24ec4a1dc2b8
AI4,1000,32465.8,24ec4a1dc2b8
AI5,1000,32475.6,24ec4a1dc2b8
AI6,1000,32452.4,24ec4a1dc2b8
AI7,1000,32830.8,24ec4a1dc2b8
AI0,2000,32831.2,24ec4a1dc2b8
AI1,2000,32827.1,24ec4a1dc2b8
AI2,2000,32465.9,24ec4a1dc2b8
AI3,2000,32479.0,24ec4a1dc2b8
AI4,2000,32479.1,24ec4a1dc2b8
AI5,2000,32469.3,24ec4a1dc2b8
AI6,2000,32473.6,24ec4a1dc2b8
AI7,2000,32827.6,24ec4a1dc2b8
AI0,1,32807.0,24ec4a1dc2b8
AI1,1,32985.0,24ec4a1dc2b8
AI2,1,32529.0,24ec4a1dc2b8
AI3,1,32410.0,24ec4a1dc2b8
AI4,1,32747.0,24ec4a1dc2b8
AI5,1,32489.0,24ec4a1dc2b8
AI6,1,32628.0,24ec4a1dc2b8
AI7,1,32926.0,24ec4a1dc2b8
AI0,10,32842.5,24ec4a1dc2b8
AI1,10,32858.3,24ec4a1dc2b8
AI2,10,32395.7,24ec4a1dc2b8
AI3,10,32496.8,24ec4a1dc2b8
AI4,10,32421.4,24ec4a1dc2b8
AI5,10,32322.1,24ec4a1dc2b8
AI6,10,32536.6,24ec4a1dc2b8
AI7,10,32947.7,24ec4a1dc2b8
AI0,20,32832.5,24ec4a1dc2b8
AI1,20,32808.8,24ec4a1dc2b8
AI2,20,32515.8,24ec4a1dc2b8
AI3,20,32473.1,24ec4a1dc2b8
AI4,20,32500.9,24ec4a1dc2b8
AI5,20,32470.1,24ec4a1dc2b8
AI6,20,32490.0,24ec4a1dc2b8
AI7,20,32775.9,24ec4a1dc2b8
AI0,50,32846.8,24ec4a1dc2b8
AI1,50,32824.1,24ec4a1dc2b8
AI2,50,32427.1,24ec4a1dc2b8
AI3,50,32500.1,24ec4a1dc2b8
AI4,50,32494.5,24ec4a1dc2b8
AI5,50,32486.2,24ec4a1dc2b8
AI6,50,32465.5,24ec4a1dc2b8
AI7,50,32822.6,24ec4a1dc2b8
AI0,100,32817.8,24ec4a1dc2b8
AI1,100,32865.4,24ec4a1dc2b8
AI2,100,32446.7,24ec4a1dc2b8
AI3,100,32449.3,24ec4a1dc2b8
AI4,100,32424.9,24ec4a1dc2b8
AI5,100,32443.1,24ec4a1dc2b8
AI6,100,32441.3,24ec4a1dc2b8
AI7,100,32849.4,24ec4a1dc2b8
AI0,200,32825.8,24ec4a1dc2b8
AI1,200,32819.2,24ec4a1dc2b8
AI2,200,32455.9,24ec4a1dc2b8
AI3,200,32455.3,24ec4a1dc2b8
AI4,200,32472.3,24ec4a1dc2b8
AI5,200,32482.3,24ec4a1dc2b8
AI6,200,32452.7,24ec4a1dc2b8
AI7,200,32824.3,24ec4a1dc2b8
AI0,500,32837.8,24ec4a1dc2b8
AI1,500,32833.9,24ec4a1dc2b8
AI2,500,32481.4,24ec4a1dc2b8
AI3,500,32469.0,24ec4a1dc2b8
AI4,500,32470.9,24ec4a1dc2b8
AI5,500,32470.8,24ec4a1dc2b8
AI6,500,32464.5,24ec4a1dc2b8
AI7,500,32830.8,24ec4a1dc2b8
AI0,1000,32841.5,24ec4a1dc2b8
AI1,1000,32833.2,24ec4a1dc2b8
AI2,1000,32471.2,24ec4a1dc2b8
AI3,1000,32469.6,24ec4a1dc2b8
AI4,1000,32475.6,24ec4a1dc2b8
AI5,1000,32479.9,24ec4a1dc2b8
AI6,1000,32476.5,24ec4a1dc2b8
AI7,1000,32834.8,24ec4a1dc2b8
AI0,2000,32835.3,24ec4a1dc2b8
AI1,2000,32834.3,24ec4a1dc2b8
AI2,2000,32469.6,24ec4a1dc2b8
AI3,2000,32472.6,24ec4a1dc2b8
AI4,2000,32464.9,24ec4a1dc2b8
AI5,2000,32470.6,24ec4a1dc2b8
AI6,2000,32471.6,24ec4a1dc2b8
AI7,2000,32832.9,24ec4a1dc2b8
AI0,1,32727.0,24ec4a1dc2b8
AI1,1,33065.0,24ec4a1dc2b8
AI2,1,32449.0,24ec4a1dc2b8
AI3,1,32469.0,24ec4a1dc2b8
AI4,1,32628.0,24ec4a1dc2b8
AI5,1,32568.0,24ec4a1dc2b8
AI6,1,32410.0,24ec4a1dc2b8
AI7,1,32846.0,24ec4a1dc2b8
AI0,10,32882.0,24ec4a1dc2b8
AI1,10,32772.9,24ec4a1dc2b8
AI2,10,32429.5,24ec4a1dc2b8
AI3,10,32528.6,24ec4a1dc2b8
AI4,10,32425.6,24ec4a1dc2b8
AI5,10,32401.6,24ec4a1dc2b8
AI6,10,32461.2,24ec4a1dc2b8
AI7,10,32810.7,24ec4a1dc2b8
AI0,20,32804.8,24ec4a1dc2b8
AI1,20,32899.0,24ec4a1dc2b8
AI2,20,32470.0,24ec4a1dc2b8
AI3,20,32498.0,24ec4a1dc2b8
AI4,20,32513.8,24ec4a1dc2b8
AI5,20,32483.0,24ec4a1dc2b8
AI6,20,32456.3,24ec4a1dc2b8
AI7,20,32826.4,24ec4a1dc2b8
AI0,50,32862.6,24ec4a1dc2b8
AI1,50,32842.0,24ec4a1dc2b8
AI2,50,32466.0,24ec4a1dc2b8
AI3,50,32460.8,24ec4a1dc2b8
AI4,50,32454.9,24ec4a1dc2b8
AI5,50,32486.6,24ec4a1dc2b8
AI6,50,32476.7,24ec4a1dc2b8
AI7,50,32848.3,24ec4a1dc2b8
AI0,100,32843.2,24ec4a1dc2b8
AI1,100,32832.4,24ec4a1dc2b8
AI2,100,32452.0,24ec4a1dc2b8
AI3,100,32441.0,24ec4a1dc2b8
AI4,100,32470.7,24ec4a1dc2b8
AI5,100,32439.5,24ec4a1dc2b8
AI6,100,32485.8,24ec4a1dc2b8
AI7,100,32803.4,24ec4a1dc2b8
AI0,200,32835.8,24ec4a1dc2b8
AI1,200,32836.5,24ec4a1dc2b8
AI2,200,32489.7,24ec4a1dc2b8
AI3,200,32467.9,24ec4a1dc2b8
AI4,200,32472.6,24ec4a1dc2b8
AI5,200,32503.3,24ec4a1dc2b8
AI6,200,32491.2,24ec4a1dc2b8
AI7,200,32847.2,24ec4a1dc2b8
AI0,500,32827.4,24ec4a1dc2b8
AI1,500,32832.3,24ec4a1dc2b8
AI2,500,32465.8,24ec4a1dc2b8
AI3,500,32473.9,24ec4a1dc2b8
AI4,500,32458.5,24ec4a1dc2b8
AI5,500,32475.1,24ec4a1dc2b8
AI6,500,32467.4,24ec4a1dc2b8
AI7,500,32826.7,24ec4a1dc2b8
AI0,1000,32829.0,24ec4a1dc2b8
AI1,1000,32832.5,24ec4a1dc2b8
AI2,1000,32458.2,24ec4a1dc2b8
AI3,1000,32465.9,24ec4a1dc2b8
AI4,1000,32475.5,24ec4a1dc2b8
AI5,1000,32472.9,24ec4a1dc2b8
AI6,1000,32477.7,24ec4a1dc2b8
AI7,1000,32825.9,24ec4a1dc2b8
AI0,2000,32836.9,24ec4a1dc2b8
AI1,2000,32836.7,24ec4a1dc2b8
AI2,2000,32462.5,24ec4a1dc2b8
AI3,2000,32471.2,24ec4a1dc2b8
AI4,2000,32468.5,24ec4a1dc2b8
AI5,2000,32478.9,24ec4a1dc2b8
AI6,2000,32476.8,24ec4a1dc2b8
AI7,2000,32833.0,24ec4a1dc2b8
AI0,1,32846.0,24ec4a1dc2b8
AI1,1,32747.0,24ec4a1dc2b8
AI2,1,32588.0,24ec4a1dc2b8
AI3,1,32827.0,24ec4a1dc2b8
AI4,1,32747.0,24ec4a1dc2b8
AI5,1,32151.0,24ec4a1dc2b8
AI6,1,32628.0,24ec4a1dc2b8
AI7,1,32588.0,24ec4a1dc2b8
AI0,10,32878.1,24ec4a1dc2b8
AI1,10,32733.3,24ec4a1dc2b8
AI2,10,32477.1,24ec4a1dc2b8
AI3,10,32568.5,24ec4a1dc2b8
AI4,10,32572.4,24ec4a1dc2b8
AI5,10,32443.3,24ec4a1dc2b8
AI6,10,32482.9,24ec4a1dc2b8
AI7,10,32852.2,24ec4a1dc2b8
AI0,20,32858.1,24ec4a1dc2b8
AI1,20,32802.8,24ec4a1dc2b8
AI2,20,32548.5,24ec4a1dc2b8
AI3,20,32461.1,24ec4a1dc2b8
AI4,20,32412.5,24ec4a1dc2b8
AI5,20,32549.5,24ec4a1dc2b8
AI6,20,32484.1,24ec4a1dc2b8
AI7,20,32842.3,24ec4a1dc2b8
AI0,50,32809.4,24ec4a1dc2b8
AI1,50,32830.1,24ec4a1dc2b8
AI2,50,32482.7,24ec4a1dc2b8
AI3,50,32474.8,24ec4a1dc2b8
AI4,50,32491.4,24ec4a1dc2b8
AI5,50,32495.4,24ec4a1dc2b8
AI6,50,32515.5,24ec4a1dc2b8
AI7,50,32829.7,24ec4a1dc2b8
AI0,100,32852.3,24ec4a1dc2b8
AI1,100,32843.8,24ec4a1dc2b8
AI2,100,32496.9,24ec4a1dc2b8
AI3,100,32466.7,24ec4a1dc2b8
AI4,100,32500.9,24ec4a1dc2b8
AI5,100,32464.8,24ec4a1dc2b8
AI6,100,32498.9,24ec4a1dc2b8
AI7,100,32810.1,24ec4a1dc2b8
AI0,200,32834.5,24ec4a1dc2b8
AI1,200,32836.1,24ec4a1dc2b8
AI2,200,32471.0,24ec4a1dc2b8
AI3,200,32477.9,24ec4a1dc2b8
AI4,200,32470.9,24ec4a1dc2b8
AI5,200,32463.4,24ec4a1dc2b8
AI6,200,32489.4,24ec4a1dc2b8
AI7,200,32839.4,24ec4a1dc2b8
AI0,500,32826.3,24ec4a1dc2b8
AI1,500,32831.3,24ec4a1dc2b8
AI2,500,32455.9,24ec4a1dc2b8
AI3,500,32470.9,24ec4a1dc2b8
AI4,500,32477.3,24ec4a1dc2b8
AI5,500,32480.3,24ec4a1dc2b8
AI6,500,32481.4,24ec4a1dc2b8
AI7,500,32839.1,24ec4a1dc2b8
AI0,1000,32838.5,24ec4a1dc2b8
AI1,1000,32843.2,24ec4a1dc2b8
AI2,1000,32478.8,24ec4a1dc2b8
AI3,1000,32482.9,24ec4a1dc2b8
AI4,1000,32489.0,24ec4a1dc2b8
AI5,1000,32480.8,24ec4a1dc2b8
AI6,1000,32470.2,24ec4a1dc2b8
AI7,1000,32835.4,24ec4a1dc2b8
AI0,2000,32832.8,24ec4a1dc2b8
AI1,2000,32829.1,24ec4a1dc2b8
AI2,2000,32466.9,24ec4a1dc2b8
AI3,2000,32472.4,24ec4a1dc2b8
AI4,2000,32465.7,24ec4a1dc2b8
AI5,2000,32479.1,24ec4a1dc2b8
AI6,2000,32464.8,24ec4a1dc2b8
AI7,2000,32839.7,24ec4a1dc2b8
AI0,1,32846.0,24ec4a1dc2b8
AI1,1,33164.0,24ec4a1dc2b8
AI2,1,32767.0,24ec4a1dc2b8
AI3,1,32370.0,24ec4a1dc2b8
AI4,1,32568.0,24ec4a1dc2b8
AI5,1,32370.0,24ec4a1dc2b8
AI6,1,32628.0,24ec4a1dc2b8
AI7,1,32390.0,24ec4a1dc2b8
AI0,10,32836.5,24ec4a1dc2b8
AI1,10,32768.9,24ec4a1dc2b8
AI2,10,32485.0,24ec4a1dc2b8
AI3,10,32451.4,24ec4a1dc2b8
AI4,10,32506.9,24ec4a1dc2b8
AI5,10,32580.2,24ec4a1dc2b8
AI6,10,32336.1,24ec4a1dc2b8
AI7,10,32727.1,24ec4a1dc2b8
AI0,20,32795.8,24ec4a1dc2b8
AI1,20,32885.1,24ec4a1dc2b8
AI2,20,32408.6,24ec4a1dc2b8
AI3,20,32499.8,24ec4a1dc2b8
AI4,20,32522.8,24ec4a1dc2b8
AI5,20,32468.1,24ec4a1dc2b8
AI6,20,32383.8,24ec4a1dc2b8
AI7,20,32780.9,24ec4a1dc2b8
AI0,50,32804.7,24ec4a1dc2b8
AI1,50,32812.2,24ec4a1dc2b8
AI2,50,32449.3,24ec4a1dc2b8
AI3,50,32465.6,24ec4a1dc2b8
AI4,50,32498.5,24ec4a1dc2b8
AI5,50,32462.0,24ec4a1dc2b8
AI6,50,32457.7,24ec4a1dc2b8
AI7,50,32836.9,24ec4a1dc2b8
AI0,100,32804.9,24ec4a1dc2b8
AI1,100,32831.5,24ec4a1dc2b8
AI2,100,32438.9,24ec4a1dc2b8
AI3,100,32442.7,24ec4a1dc2b8
AI4,100,32461.6,24ec4a1dc2b8
AI5,100,32480.3,24ec4a1dc2b8
AI6,100,32469.1,24ec4a1dc2b8
AI7,100,32841.4,24ec4a1dc2b8
AI0,200,32833.3,24ec4a1dc2b8
AI1,200,32835.7,24ec4a1dc2b8
AI2,200,32499.2,24ec4a1dc2b8
AI3,200,32463.3,24ec4a1dc2b8
AI4,200,32461.8,24ec4a1dc2b8
AI5,200,32490.1,24ec4a1dc2b8
AI6,200,32457.7,24ec4a1dc2b8
AI7,200,32823.6,24ec4a1dc2b8
AI0,500,32837.7,24ec4a1dc2b8
AI1,500,32823.3,24ec4a1dc2b8
AI2,500,32454.4,24ec4a1dc2b8
AI3,500,32475.2,24ec4a1dc2b8
AI4,500,32452.5,24ec4a1dc2b8
AI5,500,32451.2,24ec4a1dc2b8
AI6,500,32457.5,24ec4a1dc2b8
AI7,500,32828.7,24ec4a1dc2b8
AI0,1000,32828.7,24ec4a1dc2b8
AI1,1000,32823.3,24ec4a1dc2b8
AI2,1000,32466.9,24ec4a1dc2b8
AI3,1000,32462.1,24ec4a1dc2b8
AI4,1000,32452.8,24ec4a1dc2b8
AI5,1000,32465.5,24ec4a1dc2b8
AI6,1000,32470.5,24ec4a1dc2b8
AI7,1000,32829.0,24ec4a1dc2b8
AI0,2000,32823.8,24ec4a1dc2b8
AI1,2000,32824.6,24ec4a1dc2b8
AI2,2000,32453.3,24ec4a1dc2b8
AI3,2000,32468.6,24ec4a1dc2b8
AI4,2000,32463.2,24ec4a1dc2b8
AI5,2000,32478.1,24ec4a1dc2b8
AI6,2000,32477.3,24ec4a1dc2b8
AI7,2000,32832.1,24ec4a1dc2b8
AI0,1,32906.0,24ec4a1dc2b8
AI1,1,33124.0,24ec4a1dc2b8
AI2,1,32449.0,24ec4a1dc2b8
AI3,1,32310.0,24ec4a1dc2b8
AI4,1,32469.0,24ec4a1dc2b8
AI5,1,32628.0,24ec4a1dc2b8
AI6,1,32112.0,24ec4a1dc2b8
AI7,1,32926.0,24ec4a1dc2b8
AI0,10,32798.5,24ec4a1dc2b8
AI1,10,32796.7,24ec4a1dc2b8
AI2,10,32522.8,24ec4a1dc2b8
AI3,10,32463.2,24ec4a1dc2b8
AI4,10,32445.4,24ec4a1dc2b8
AI5,10,32514.8,24ec4a1dc2b8
AI6,10,32441.4,24ec4a1dc2b8
AI7,10,32872.3,24ec4a1dc2b8
AI0,20,32840.4,24ec4a1dc2b8
AI1,20,32910.9,24ec4a1dc2b8
AI2,20,32408.5,24ec4a1dc2b8
AI3,20,32441.4,24ec4a1dc2b8
AI4,20,32494.9,24ec4a1dc2b8
AI5,20,32462.1,24ec4a1dc2b8
AI6,20,32514.8,24ec4a1dc2b8
AI7,20,32827.5,24ec4a1dc2b8
AI0,50,32855.1,24ec4a1dc2b8
AI1,50,32800.3,24ec4a1dc2b8
AI2,50,32503.7,24ec4a1dc2b8
AI3,50,32447.3,24ec4a1dc2b8
AI4,50,32427.9,24ec4a1dc2b8
AI5,50,32486.2,24ec4a1dc2b8
AI6,50,32435.4,24ec4a1dc2b8
AI7,50,32860.7,24ec4a1dc2b8
AI0,100,32832.9,24ec4a1dc2b8
AI1,100,32831.9,24ec4a1dc2b8
AI2,100,32462.2,24ec4a1dc2b8
AI3,100,32459.0,24ec4a1dc2b8
AI4,100,32457.8,24ec4a1dc2b8
AI5,100,32458.8,24ec4a1dc2b8
AI6,100,32461.2,24ec4a1dc2b8
AI7,100,32824.7,24ec4a1dc2b8
AI0,200,32820.0,24ec4a1dc2b8
AI1,200,32829.4,24ec4a1dc2b8
AI2,200,32466.0,24ec4a1dc2b8
AI3,200,32476.8,24ec4a1dc2b8
AI4,200,32463.3,24ec4a1dc2b8
AI5,200,32464.3,24ec4a1dc2b8
AI6,200,32475.0,24ec4a1dc2b8
AI7,200,32833.5,24ec4a1dc2b8
AI0,500,32826.6,24ec4a1dc2b8
AI1,500,32833.2,24ec4a1dc2b8
AI2,500,32469.9,24ec4a1dc2b8
AI3,500,32469.8,24ec4a1dc2b8
AI4,500,32457.3,24ec4a1dc2b8
AI5,500,32448.0,24ec4a1dc2b8
AI6,500,32452.5,24ec4a1dc2b8
AI7,500,32831.8,24ec4a1dc2b8
AI0,1000,32818.3,24ec4a1dc2b8
AI1,1000,32824.5,24ec4a1dc2b8
AI2,1000,32455.9,24ec4a1dc2b8
AI3,1000,32469.6,24ec4a1dc2b8
AI4,1000,32473.0,24ec4a1dc2b8
AI5,1000,32456.7,24ec4a1dc2b8
AI6,1000,32465.1,24ec4a1dc2b8
AI7,1000,32838.0,24ec4a1dc2b8
AI0,2000,32829.3,24ec4a1dc2b8
AI1,2000,32843.1,24ec4a1dc2b8
AI2,2000,32458.9,24ec4a1dc2b8
AI3,2000,32467.8,24ec4a1dc2b8
AI4,2000,32474.4,24ec4a1dc2b8
AI5,2000,32471.7,24ec4a1dc2b8
AI6,2000,32468.2,24ec4a1dc2b8
AI7,2000,32837.3,24ec4a1dc2b8
AI0,1,32846.0,24ec4a1dc2b8
AI1,1,32648.0,24ec4a1dc2b8
AI2,1,32509.0,24ec4a1dc2b8
AI3,1,32489.0,24ec4a1dc2b8
AI4,1,32489.0,24ec4a1dc2b8
AI5,1,33045.0,24ec4a1dc2b8
AI6,1,32370.0,24ec4a1dc2b8
AI7,1,32946.0,24ec4a1dc2b8
AI0,10,32844.3,24ec4a1dc2b8
AI1,10,32794.7,24ec4a1dc2b8
AI2,10,32473.0,24ec4a1dc2b8
AI3,10,32467.1,24ec4a1dc2b8
AI4,10,32524.7,24ec4a1dc2b8
AI5,10,32502.9,24ec4a1dc2b8
AI6,10,32403.6,24ec4a1dc2b8
AI7,10,32816.5,24ec4a1dc2b8
AI0,20,32787.8,24ec4a1dc2b8
AI1,20,32864.1,24ec4a1dc2b8
AI2,20,32452.3,24ec4a1dc2b8
AI3,20,32492.8,24ec4a1dc2b8
AI4,20,32505.9,24ec4a1dc2b8
AI5,20,32413.5,24ec4a1dc2b8
AI6,20,32571.4,24ec4a1dc2b8
AI7,20,32801.6,24ec4a1dc2b8
AI0,50,32830.5,24ec4a1dc2b8
AI1,50,32847.9,24ec4a1dc2b8
AI2,50,32467.5,24ec4a1dc2b8
AI3,50,32466.3,24ec4a1dc2b8
AI4,50,32462.8,24ec4a1dc2b8
AI5,50,32471.1,24ec4a1dc2b8
AI6,50,32485.0,24ec4a1dc2b8
AI7,50,32885.6,24ec4a1dc2b8
AI0,100,32831.5,24ec4a1dc2b8
AI1,100,32842.2,24ec4a1dc2b8
AI2,100,32433.6,24ec4a1dc2b8
AI3,100,32436.6,24ec4a1dc2b8
AI4,100,32461.9,24ec4a1dc2b8
AI5,100,32492.0,24ec4a1dc2b8
AI6,100,32471.1,24ec4a1dc2b8
AI7,100,32848.2,24ec4a1dc2b8
AI0,200,32830.5,24ec4a1dc2b8
AI1,200,32827.8,24ec4a1dc2b8
AI2,200,32470.5,24ec4a1dc2b8
AI3,200,32469.3,24ec4a1dc2b8
AI4,200,32472.8,24ec4a1dc2b8
AI5,200,32471.8,24ec4a1dc2b8
AI6,200,32472.1,24ec4a1dc2b8
AI7,200,32836.7,24ec4a1dc2b8
AI0,500,32838.9,24ec4a1dc2b8
AI1,500,32840.0,24ec4a1dc2b8
AI2,500,32472.7,24ec4a1dc2b8
AI3,500,32468.1,24ec4a1dc2b8
AI4,500,32481.1,24ec4a1dc2b8
AI5,500,32477.9,24ec4a1dc2b8
AI6,500,32484.1,24ec4a1dc2b8
AI7,500,32831.8,24ec4a1dc2b8
AI0,1000,32839.5,24ec4a1dc2b8
AI1,1000,32832.7,24ec4a1dc2b8
AI2,1000,32453.9,24ec4a1dc2b8
AI3,1000,32457.0,24ec4a1dc2b8
AI4,1000,32465.2,24ec4a1dc2b8
AI5,1000,32469.4,24ec4a1dc2b8
AI6,1000,32464.7,24ec4a1dc2b8
AI7,1000,32836.9,24ec4a1dc2b8
AI0,2000,32836.9,24ec4a1dc2b8
AI1,2000,32837.1,24ec4a1dc2b8
AI2,2000,32463.9,24ec4a1dc2b8
AI3,2000,32459.9,24ec4a1dc2b8
AI4,2000,32468.7,24ec4a1dc2b8
AI5,2000,32473.3,24ec4a1dc2b8
AI6,2000,32475.8,24ec4a1dc2b8
AI7,2000,32828.3,24ec4a1dc2b8
AI0,1,32846.0,24ec4a1dc2b8
AI1,1,32985.0,24ec4a1dc2b8
AI2,1,32489.0,24ec4a1dc2b8
AI3,1,32688.0,24ec4a1dc2b8
AI4,1,32509.0,24ec4a1dc2b8
AI5,1,32449.0,24ec4a1dc2b8
AI6,1,32370.0,24ec4a1dc2b8
AI7,1,32688.0,24ec4a1dc2b8
AI0,10,32897.9,24ec4a1dc2b8
AI1,10,32842.3,24ec4a1dc2b8
AI2,10,32449.2,24ec4a1dc2b8
AI3,10,32431.5,24ec4a1dc2b8
AI4,10,32459.3,24ec4a1dc2b8
AI5,10,32449.3,24ec4a1dc2b8
AI6,10,32439.4,24ec4a1dc2b8
AI7,10,32864.4,24ec4a1dc2b8
AI0,20,32818.6,24ec4a1dc2b8
AI1,20,32857.1,24ec4a1dc2b8
AI2,20,32436.3,24ec4a1dc2b8
AI3,20,32499.0,24ec4a1dc2b8
AI4,20,32463.1,24ec4a1dc2b8
AI5,20,32447.3,24ec4a1dc2b8
AI6,20,32517.8,24ec4a1dc2b8
AI7,20,32825.5,24ec4a1dc2b8
AI0,50,32822.9,24ec4a1dc2b8
AI1,50,32825.3,24ec4a1dc2b8
AI2,50,32483.5,24ec4a1dc2b8
AI3,50,32401.3,24ec4a1dc2b8
AI4,50,32452.9,24ec4a1dc2b8
AI5,50,32485.8,24ec4a1dc2b8
AI6,50,32489.0,24ec4a1dc2b8
AI7,50,32834.0,24ec4a1dc2b8
AI0,100,32802.1,24ec4a1dc2b8
AI1,100,32823.6,24ec4a1dc2b8
AI2,100,32491.8,24ec4a1dc2b8
AI3,100,32457.4,24ec4a1dc2b8
AI4,100,32453.8,24ec4a1dc2b8
AI5,100,32481.6,24ec4a1dc2b8
AI6,100,32481.6,24ec4a1dc2b8
AI7,100,32821.8,24ec4a1dc2b8
AI0,200,32822.8,24ec4a1dc2b8
AI1,200,32841.4,24ec4a1dc2b8
AI2,200,32441.6,24ec4a1dc2b8
AI3,200,32467.8,24ec4a1dc2b8
AI4,200,32460.0,24ec4a1dc2b8
AI5,200,32449.3,24ec4a1dc2b8
AI6,200,32470.2,24ec4a1dc2b8
AI7,200,32822.7,24ec4a1dc2b8
AI0,500,32833.2,24ec4a1dc2b8
AI1,500,32835.4,24ec4a1dc2b8
AI2,500,32464.3,24ec4a1dc2b8
AI3,500,32479.3,24ec4a1dc2b8
AI4,500,32463.1,24ec4a1dc2b8
AI5,500,32476.1,24ec4a1dc2b8
AI6,500,32457.3,24ec4a1dc2b8
AI7,500,32823.9,24ec4a1dc2b8
AI0,1000,32844.6,24ec4a1dc2b8
AI1,1000,32826.4,24ec4a1dc2b8
AI2,1000,32456.4,24ec4a1dc2b8
AI3,1000,32459.2,24ec4a1dc2b8
AI4,1000,32465.9,24ec4a1dc2b8
AI5,1000,32466.5,24ec4a1dc2b8
AI6,1000,32472.8,24ec4a1dc2b8
AI7,1000,32829.2,24ec4a1dc2b8
AI0,2000,32826.2,24ec4a1dc2b8
AI1,2000,32830.9,24ec4a1dc2b8
AI2,2000,32452.3,24ec4a1dc2b8
AI3,2000,32461.4,24ec4a1dc2b8
AI4,2000,32460.5,24ec4a1dc2b8
AI5,2000,32465.1,24ec4a1dc2b8
AI6,2000,32475.7,24ec4a1dc2b8
AI7,2000,32841.3,24ec4a1dc2b8
AI0,1,32846.0,24ec4a1dc2b8
AI1,1,32787.0,24ec4a1dc2b8
AI2,1,32747.0,24ec4a1dc2b8
AI3,1,32449.0,24ec4a1dc2b8
AI4,1,32330.0,24ec4a1dc2b8
AI5,1,32410.0,24ec4a1dc2b8
AI6,1,32568.0,24ec4a1dc2b8
AI7,1,32628.0,24ec4a1dc2b8
AI0,10,32818.4,24ec4a1dc2b8
AI1,10,32864.2,24ec4a1dc2b8
AI2,10,32351.9,24ec4a1dc2b8
AI3,10,32631.9,24ec4a1dc2b8
AI4,10,32471.3,24ec4a1dc2b8
AI5,10,32574.4,24ec4a1dc2b8
AI6,10,32459.2,24ec4a1dc2b8
AI7,10,32856.3,24ec4a1dc2b8
AI0,20,32781.8,24ec4a1dc2b8
AI1,20,32815.6,24ec4a1dc2b8
AI2,20,32573.3,24ec4a1dc2b8
AI3,20,32455.3,24ec4a1dc2b8
AI4,20,32548.6,24ec4a1dc2b8
AI5,20,32455.1,24ec4a1dc2b8
AI6,20,32529.7,24ec4a1dc2b8
AI7,20,32884.0,24ec4a1dc2b8
AI0,50,32825.0,24ec4a1dc2b8
AI1,50,32844.7,24ec4a1dc2b8
AI2,50,32466.7,24ec4a1dc2b8
AI3,50,32451.2,24ec4a1dc2b8
AI4,50,32489.0,24ec4a1dc2b8
AI5,50,32463.6,24ec4a1dc2b8
AI6,50,32446.9,24ec4a1dc2b8
AI7,50,32824.5,24ec4a1dc2b8
AI0,100,32801.5,24ec4a1dc2b8
AI1,100,32822.2,24ec4a1dc2b8
AI2,100,32504.9,24ec4a1dc2b8
AI3,100,32453.8,24ec4a1dc2b8
AI4,100,32508.0,24ec4a1dc2b8
AI5,100,32498.9,24ec4a1dc2b8
AI6,100,32440.5,24ec4a1dc2b8
AI7,100,32841.6,24ec4a1dc2b8
AI0,200,32846.8,24ec4a1dc2b8
AI1,200,32846.9,24ec4a1dc2b8
AI2,200,32454.7,24ec4a1dc2b8
AI3,200,32464.6,24ec4a1dc2b8
AI4,200,32474.5,24ec4a1dc2b8
AI5,200,32477.9,24ec4a1dc2b8
AI6,200,32489.2,24ec4a1dc2b8
AI7,200,32823.5,24ec4a1dc2b8
AI0,500,32839.5,24ec4a1dc2b8
AI1,500,32828.2,24ec4a1dc2b8
AI2,500,32461.0,24ec4a1dc2b8
AI3,500,32481.9,24ec4a1dc2b8
AI4,500,32475.1,24ec4a1dc2b8
AI5,500,32462.6,24ec4a1dc2b8
AI6,500,32465.2,24ec4a1dc2b8
AI7,500,32831.8,24ec4a1dc2b8
AI0,1000,32833.7,24ec4a1dc2b8
AI1,1000,32840.2,24ec4a1dc2b8
AI2,1000,32462.3,24ec4a1dc2b8
AI3,1000,32448.2,24ec4a1dc2b8
AI4,1000,32457.1,24ec4a1dc2b8
AI5,1000,32466.2,24ec4a1dc2b8
AI6,1000,32469.1,24ec4a1dc2b8
AI7,1000,32835.5,24ec4a1dc2b8
AI0,2000,32830.8,24ec4a1dc2b8
AI1,2000,32830.8,24ec4a1dc2b8
AI2,2000,32466.3,24ec4a1dc2b8
AI3,2000,32456.4,24ec4a1dc2b8
AI4,2000,32456.8,24ec4a1dc2b8
AI5,2000,32464.8,24ec4a1dc2b8
AI6,2000,32480.6,24ec4a1dc2b8
AI7,2000,32837.7,24ec4a1dc2b8
AI0,1,32608.0,24ec4a1dc2b8
AI1,1,32628.0,24ec4a1dc2b8
AI2,1,32489.0,24ec4a1dc2b8
AI3,1,32469.0,24ec4a1dc2b8
AI4,1,32310.0,24ec4a1dc2b8
AI5,1,32608.0,24ec4a1dc2b8
AI6,1,32926.0,24ec4a1dc2b8
AI7,1,32807.0,24ec4a1dc2b8
AI0,10,32788.9,24ec4a1dc2b8
AI1,10,32826.5,24ec4a1dc2b8
AI2,10,32445.3,24ec4a1dc2b8
AI3,10,32399.5,24ec4a1dc2b8
AI4,10,32429.4,24ec4a1dc2b8
AI5,10,32487.1,24ec4a1dc2b8
AI6,10,32498.9,24ec4a1dc2b8
AI7,10,32824.5,24ec4a1dc2b8
AI0,20,32868.2,24ec4a1dc2b8
AI1,20,32818.6,24ec4a1dc2b8
AI2,20,32395.6,24ec4a1dc2b8
AI3,20,32409.6,24ec4a1dc2b8
AI4,20,32418.5,24ec4a1dc2b8
AI5,20,32548.6,24ec4a1dc2b8
AI6,20,32405.6,24ec4a1dc2b8
AI7,20,32827.4,24ec4a1dc2b8
AI0,50,32803.4,24ec4a1dc2b8
AI1,50,32832.9,24ec4a1dc2b8
AI2,50,32413.1,24ec4a1dc2b8
AI3,50,32468.3,24ec4a1dc2b8
AI4,50,32492.2,24ec4a1dc2b8
AI5,50,32451.7,24ec4a1dc2b8
AI6,50,32473.9,24ec4a1dc2b8
AI7,50,32823.0,24ec4a1dc2b8
AI0,100,32813.0,24ec4a1dc2b8
AI1,100,32843.2,24ec4a1dc2b8
AI2,100,32452.4,24ec4a1dc2b8
AI3,100,32494.4,24ec4a1dc2b8
AI4,100,32450.9,24ec4a1dc2b8
AI5,100,32514.6,24ec4a1dc2b8
AI6,100,32465.4,24ec4a1dc2b8
AI7,100,32851.3,24ec4a1dc2b8
AI0,200,32831.1,24ec4a1dc2b8
AI1,200,32832.9,24ec4a1dc2b8
AI2,200,32454.3,24ec4a1dc2b8
AI3,200,32506.3,24ec4a1dc2b8
AI4,200,32468.4,24ec4a1dc2b8
AI5,200,32490.1,24ec4a1dc2b8
AI6,200,32482.3,24ec4a1dc2b8
AI7,200,32852.6,24ec4a1dc2b8
AI0,500,32843.3,24ec4a1dc2b8
AI1,500,32840.2,24ec4a1dc2b8
AI2,500,32452.1,24ec4a1dc2b8
AI3,500,32468.9,24ec4a1dc2b8
AI4,500,32461.6,24ec4a1dc2b8
AI5,500,32459.9,24ec4a1dc2b8
AI6,500,32476.5,24ec4a1dc2b8
AI7,500,32827.6,24ec4a1dc2b8
AI0,1000,32835.3,24ec4a1dc2b8
AI1,1000,32840.0,24ec4a1dc2b8
AI2,1000,32443.9,24ec4a1dc2b8
AI3,1000,32457.2,24ec4a1dc2b8
AI4,1000,32462.2,24ec4a1dc2b8
AI5,1000,32473.2,24ec4a1dc2b8
AI6,1000,32479.8,24ec4a1dc2b8
AI7,1000,32830.7,24ec4a1dc2b8
AI0,2000,32829.3,24ec4a1dc2b8
AI1,2000,32826.9,24ec4a1dc2b8
AI2,2000,32465.2,24ec4a1dc2b8
AI3,2000,32467.9,24ec4a1dc2b8
AI4,2000,32473.5,24ec4a1dc2b8
AI5,2000,32477.8,24ec4a1dc2b8
AI6,2000,32469.8,24ec4a1dc2b8
AI7,2000,32830.8,24ec4a1dc2b8
AI0,1,32529.0,24ec4a1dc2b8
AI1,1,32946.0,24ec4a1dc2b8
AI2,1,32449.0,24ec4a1dc2b8
AI3,1,32628.0,24ec4a1dc2b8
AI4,1,32588.0,24ec4a1dc2b8
AI5,1,32489.0,24ec4a1dc2b8
AI6,1,32370.0,24ec4a1dc2b8
AI7,1,32648.0,24ec4a1dc2b8
AI0,10,32874.0,24ec4a1dc2b8
AI1,10,32868.3,24ec4a1dc2b8
AI2,10,32427.5,24ec4a1dc2b8
AI3,10,32453.2,24ec4a1dc2b8
AI4,10,32487.0,24ec4a1dc2b8
AI5,10,32578.4,24ec4a1dc2b8
AI6,10,32538.7,24ec4a1dc2b8
AI7,10,32874.1,24ec4a1dc2b8
AI0,20,32858.3,24ec4a1dc2b8
AI1,20,32885.1,24ec4a1dc2b8
AI2,20,32421.5,24ec4a1dc2b8
AI3,20,32464.0,24ec4a1dc2b8
AI4,20,32490.0,24ec4a1dc2b8
AI5,20,32487.0,24ec4a1dc2b8
AI6,20,32498.9,24ec4a1dc2b8
AI7,20,32849.5,24ec4a1dc2b8
AI0,50,32826.5,24ec4a1dc2b8
AI1,50,32884.0,24ec4a1dc2b8
AI2,50,32441.7,24ec4a1dc2b8
AI3,50,32446.2,24ec4a1dc2b8
AI4,50,32423.4,24ec4a1dc2b8
AI5,50,32435.0,24ec4a1dc2b8
AI6,50,32498.6,24ec4a1dc2b8
AI7,50,32761.5,24ec4a1dc2b8
AI0,100,32830.9,24ec4a1dc2b8
AI1,100,32824.9,24ec4a1dc2b8
AI2,100,32444.7,24ec4a1dc2b8
AI3,100,32475.3,24ec4a1dc2b8
AI4,100,32444.7,24ec4a1dc2b8
AI5,100,32462.6,24ec4a1dc2b8
AI6,100,32484.9,24ec4a1dc2b8
AI7,100,32831.1,24ec4a1dc2b8
AI0,200,32822.1,24ec4a1dc2b8
AI1,200,32829.8,24ec4a1dc2b8
AI2,200,32450.6,24ec4a1dc2b8
AI3,200,32470.2,24ec4a1dc2b8
AI4,200,32461.3,24ec4a1dc2b8
AI5,200,32476.0,24ec4a1dc2b8
AI6,200,32436.7,24ec4a1dc2b8
AI7,200,32828.1,24ec4a1dc2b8
AI0,500,32821.2,24ec4a1dc2b8
AI1,500,32832.2,24ec4a1dc2b8
AI2,500,32455.7,24ec4a1dc2b8
AI3,500,32461.7,24ec4a1dc2b8
AI4,500,32452.9,24ec4a1dc2b8
AI5,500,32456.3,24ec4a1dc2b8
AI6,500,32470.8,24ec4a1dc2b8
AI7,500,32826.9,24ec4a1dc2b8
AI0,1000,32828.3,24ec4a1dc2b8
AI1,1000,32833.7,24ec4a1dc2b8
AI2,1000,32453.7,24ec4a1dc2b8
AI3,1000,32467.2,24ec4a1dc2b8
AI4,1000,32469.6,24ec4a1dc2b8
AI5,1000,32464.7,24ec4a1dc2b8
AI6,1000,32465.5,24ec4a1dc2b8
AI7,1000,32823.0,24ec4a1dc2b8
AI0,2000,32836.3,24ec4a1dc2b8
AI1,2000,32828.5,24ec4a1dc2b8
AI2,2000,32465.7,24ec4a1dc2b8
AI3,2000,32459.6,24ec4a1dc2b8
AI4,2000,32464.3,24ec4a1dc2b8
AI5,2000,32456.7,24ec4a1dc2b8
AI6,2000,32473.7,24ec4a1dc2b8
AI7,2000,32838.3,24ec4a1dc2b8
AI0,1,32846.0,24ec4a1dc2b8
AI1,1,32866.0,24ec4a1dc2b8
AI2,1,32489.0,24ec4a1dc2b8
AI3,1,32568.0,24ec4a1dc2b8
AI4,1,32489.0,24ec4a1dc2b8
AI5,1,32727.0,24ec4a1dc2b8
AI6,1,32529.0,24ec4a1dc2b8
AI7,1,32946.0,24ec4a1dc2b8
AI0,10,32770.7,24ec4a1dc2b8
AI1,10,32931.7,24ec4a1dc2b8
AI2,10,32516.9,24ec4a1dc2b8
AI3,10,32524.7,24ec4a1dc2b8
AI4,10,32449.3,24ec4a1dc2b8
AI5,10,32504.9,24ec4a1dc2b8
AI6,10,32582.3,24ec4a1dc2b8
AI7,10,32868.1,24ec4a1dc2b8
AI0,20,32864.3,24ec4a1dc2b8
AI1,20,32827.6,24ec4a1dc2b8
AI2,20,32529.6,24ec4a1dc2b8
AI3,20,32517.8,24ec4a1dc2b8
AI4,20,32476.1,24ec4a1dc2b8
AI5,20,32479.0,24ec4a1dc2b8
AI6,20,32454.3,24ec4a1dc2b8
AI7,20,32871.2,24ec4a1dc2b8
AI0,50,32786.0,24ec4a1dc2b8
AI1,50,32840.0,24ec4a1dc2b8
AI2,50,32481.5,24ec4a1dc2b8
AI3,50,32449.2,24ec4a1dc2b8
AI4,50,32445.0,24ec4a1dc2b8
AI5,50,32451.7,24ec4a1dc2b8
AI6,50,32465.5,24ec4a1dc2b8
AI7,50,32834.4,24ec4a1dc2b8
AI0,100,32844.4,24ec4a1dc2b8
AI1,100,32841.2,24ec4a1dc2b8
AI2,100,32485.6,24ec4a1dc2b8
AI3,100,32461.6,24ec4a1dc2b8
AI4,100,32480.7,24ec4a1dc2b8
AI5,100,32454.9,24ec4a1dc2b8
AI6,100,32468.0,24ec4a1dc2b8
AI7,100,32839.6,24ec4a1dc2b8
AI0,200,32830.7,24ec4a1dc2b8
AI1,200,32832.7,24ec4a1dc2b8
AI2,200,32496.8,24ec4a1dc2b8
AI3,200,32467.2,24ec4a1dc2b8
AI4,200,32472.3,24ec4a1dc2b8
AI5,200,32484.6,24ec4a1dc2b8
AI6,200,32463.2,24ec4a1dc2b8
AI7,200,32831.5,24ec4a1dc2b8
AI0,500,32836.0,24ec4a1dc2b8
AI1,500,32833.7,24ec4a1dc2b8
AI2,500,32468.7,24ec4a1dc2b8
AI3,500,32482.8,24ec4a1dc2b8
AI4,500,32484.0,24ec4a1dc2b8
AI5,500,32461.1,24ec4a1dc2b8
AI6,500,32480.0,24ec4a1dc2b8
AI7,500,32833.0,24ec4a1dc2b8
AI0,1000,32830.4,24ec4a1dc2b8
AI1,1000,32831.3,24ec4a1dc2b8
AI2,1000,32468.1,24ec4a1dc2b8
AI3,1000,32470.3,24ec4a1dc2b8
AI4,1000,32463.2,24ec4a1dc2b8
AI5,1000,32470.3,24ec4a1dc2b8
AI6,1000,32484.1,24ec4a1dc2b8
AI7,1000,32835.8,24ec4a1dc2b8
AI0,2000,32839.5,24ec4a1dc2b8
AI1,2000,32837.4,24ec4a1dc2b8
AI2,2000,32474.6,24ec4a1dc2b8
AI3,2000,32459.8,24ec4a1dc2b8
AI4,2000,32470.1,24ec4a1dc2b8
AI5,2000,32475.4,24ec4a1dc2b8
AI6,2000,32470.9,24ec4a1dc2b8
AI7,2000,32843.3,24ec4a1dc2b8
AI0,1,33085.0,24ec4a1dc2b8
AI1,1,32648.0,24ec4a1dc2b8
AI2,1,32469.0,24ec4a1dc2b8
AI3,1,32529.0,24ec4a1dc2b8
AI4,1,32489.0,24ec4a1dc2b8
AI5,1,32628.0,24ec4a1dc2b8
AI6,1,32608.0,24ec4a1dc2b8
AI7,1,32846.0,24ec4a1dc2b8
AI0,10,32858.3,24ec4a1dc2b8
AI1,10,32820.4,24ec4a1dc2b8
AI2,10,32469.1,24ec4a1dc2b8
AI3,10,32467.1,24ec4a1dc2b8
AI4,10,32379.8,24ec4a1dc2b8
AI5,10,32445.3,24ec4a1dc2b8
AI6,10,32377.7,24ec4a1dc2b8
AI7,10,32894.1,24ec4a1dc2b8
AI0,20,32799.6,24ec4a1dc2b8
AI1,20,32893.1,24ec4a1dc2b8
AI2,20,32486.9,24ec4a1dc2b8
AI3,20,32460.3,24ec4a1dc2b8
AI4,20,32495.8,24ec4a1dc2b8
AI5,20,32496.9,24ec4a1dc2b8
AI6,20,32471.0,24ec4a1dc2b8
AI7,20,32809.6,24ec4a1dc2b8
AI0,50,32831.2,24ec4a1dc2b8
AI1,50,32857.0,24ec4a1dc2b8
AI2,50,32483.1,24ec4a1dc2b8
AI3,50,32501.3,24ec4a1dc2b8
AI4,50,32413.9,24ec4a1dc2b8
AI5,50,32461.6,24ec4a1dc2b8
AI6,50,32466.0,24ec4a1dc2b8
AI7,50,32851.5,24ec4a1dc2b8
AI0,100,32828.3,24ec4a1dc2b8
AI1,100,32838.4,24ec4a1dc2b8
AI2,100,32479.8,24ec4a1dc2b8
AI3,100,32461.0,24ec4a1dc2b8
AI4,100,32458.4,24ec4a1dc2b8
AI5,100,32432.4,24ec4a1dc2b8
AI6,100,32472.3,24ec4a1dc2b8
AI7,100,32843.6,24ec4a1dc2b8
AI0,200,32838.2,24ec4a1dc2b8
AI1,200,32829.1,24ec4a1dc2b8
AI2,200,32477.4,24ec4a1dc2b8
AI3,200,32450.2,24ec4a1dc2b8
AI4,200,32450.1,24ec4a1dc2b8
AI5,200,32480.9,24ec4a1dc2b8
AI6,200,32462.9,24ec4a1dc2b8
AI7,200,32835.1,24ec4a1dc2b8
AI0,500,32834.5,24ec4a1dc2b8
AI1,500,32839.5,24ec4a1dc2b8
AI2,500,32471.7,24ec4a1dc2b8
AI3,500,32466.6,24ec4a1dc2b8
AI4,500,32464.7,24ec4a1dc2b8
AI5,500,32474.4,24ec4a1dc2b8
AI6,500,32462.9,24ec4a1dc2b8
AI7,500,32836.7,24ec4a1dc2b8
AI0,1000,32839.8,24ec4a1dc2b8
AI1,1000,32826.0,24ec4a1dc2b8
AI2,1000,32447.7,24ec4a1dc2b8
AI3,1000,32464.2,24ec4a1dc2b8
AI4,1000,32460.5,24ec4a1dc2b8
AI5,1000,32462.6,24ec4a1dc2b8
AI6,1000,32476.9,24ec4a1dc2b8
AI7,1000,32836.3,24ec4a1dc2b8
AI0,2000,32828.3,24ec4a1dc2b8
AI1,2000,32830.3,24ec4a1dc2b8
AI2,2000,32466.5,24ec4a1dc2b8
AI3,2000,32454.9,24ec4a1dc2b8
AI4,2000,32469.6,24ec4a1dc2b8
AI5,2000,32471.0,24ec4a1dc2b8
AI6,2000,32470.6,24ec4a1dc2b8
AI7,2000,32830.5,24ec4a1dc2b8
AI0,1,33244.0,24ec4a1dc2b8
AI1,1,32807.0,24ec4a1dc2b8
AI2,1,32588.0,24ec4a1dc2b8
AI3,1,32509.0,24ec4a1dc2b8
AI4,1,32330.0,24ec4a1dc2b8
AI5,1,32072.0,24ec4a1dc2b8
AI6,1,32489.0,24ec4a1dc2b8
AI7,1,32846.0,24ec4a1dc2b8
AI0,10,32939.7,24ec4a1dc2b8
AI1,10,32806.7,24ec4a1dc2b8
AI2,10,32506.8,24ec4a1dc2b8
AI3,10,32481.1,24ec4a1dc2b8
AI4,10,32491.0,24ec4a1dc2b8
AI5,10,32362.0,24ec4a1dc2b8
AI6,10,32510.9,24ec4a1dc2b8
AI7,10,32776.8,24ec4a1dc2b8
AI0,20,32789.8,24ec4a1dc2b8
AI1,20,32799.8,24ec4a1dc2b8
AI2,20,32504.9,24ec4a1dc2b8
AI3,20,32388.6,24ec4a1dc2b8
AI4,20,32456.3,24ec4a1dc2b8
AI5,20,32445.3,24ec4a1dc2b8
AI6,20,32421.5,24ec4a1dc2b8
AI7,20,32833.4,24ec4a1dc2b8
AI0,50,32810.5,24ec4a1dc2b8
AI1,50,32854.0,24ec4a1dc2b8
AI2,50,32454.8,24ec4a1dc2b8
AI3,50,32415.1,24ec4a1dc2b8
AI4,50,32431.0,24ec4a1dc2b8
AI5,50,32440.6,24ec4a1dc2b8
AI6,50,32463.2,24ec4a1dc2b8
AI7,50,32815.8,24ec4a1dc2b8
AI0,100,32815.8,24ec4a1dc2b8
AI1,100,32784.8,24ec4a1dc2b8
AI2,100,32459.2,24ec4a1dc2b8
AI3,100,32484.4,24ec4a1dc2b8
AI4,100,32431.8,24ec4a1dc2b8
AI5,100,32465.0,24ec4a1dc2b8
AI6,100,32482.9,24ec4a1dc2b8
AI7,100,32830.3,24ec4a1dc2b8
AI0,200,32827.9,24ec4a1dc2b8
AI1,200,32814.4,24ec4a1dc2b8
AI2,200,32445.5,24ec4a1dc2b8
AI3,200,32443.6,24ec4a1dc2b8
AI4,200,32443.3,24ec4a1dc2b8
AI5,200,32474.3,24ec4a1dc2b8
AI6,200,32465.5,24ec4a1dc2b8
AI7,200,32822.2,24ec4a1dc2b8
AI0,500,32837.0,24ec4a1dc2b8
AI1,500,32825.0,24ec4a1dc2b8
AI2,500,32455.8,24ec4a1dc2b8
AI3,500,32444.4,24ec4a1dc2b8
AI4,500,32471.0,24ec4a1dc2b8
AI5,500,32466.8,24ec4a1dc2b8
AI6,500,32471.9,24ec4a1dc2b8
AI7,500,32830.3,24ec4a1dc2b8
AI0,1000,32833.8,24ec4a1dc2b8
AI1,1000,32839.1,24ec4a1dc2b8
AI2,1000,32477.7,24ec4a1dc2b8
AI3,1000,32486.9,24ec4a1dc2b8
AI4,1000,32476.7,24ec4a1dc2b8
AI5,1000,32476.0,24ec4a1dc2b8
AI6,1000,32479.8,24ec4a1dc2b8
AI7,1000,32841.3,24ec4a1dc2b8
AI0,2000,32836.1,24ec4a1dc2b8
AI1,2000,32841.4,24ec4a1dc2b8
AI2,2000,32473.0,24ec4a1dc2b8
AI3,2000,32476.3,24ec4a1dc2b8
AI4,2000,32471.6,24ec4a1dc2b8
AI5,2000,32472.4,24ec4a1dc2b8
AI6,2000,32470.6,24ec4a1dc2b8
AI7,2000,32834.0,24ec4a1dc2b8
